"","Year","ADM_RATE_ALL","COSTT4_A","UGDS_BLACK","PPTUG_EF","INC_PCT_LO","UG25abv","PAR_ED_PCT_1STGEN","PCTFLOAN","C150_4"
"1",2011,0.6368,19072,0.1444,0.2337,0.481402309,0.2553,0.322002756,0.4779,0.4537
"2",2011,0.508,15986,0.9555,0.0771,0.694509151,0.1347,0.432210031,0.7694,0.2621
"3",2011,0.7894,15179,0.29,0.3202,0.56928702,0.2666,0.41754671,0.5571,0.3327
"4",2011,0.7,21140,0.0743,0.0885,0.262180161,0.0429,0.198268086,0.3718,0.6628
"5",2011,0.6418,39848,0.0751,0.0077,0.232718894,0.0138,0.224586288,0.6252,0.6297
"6",2011,0.5802,25198,0.5444,0.2373,0.61803353,0.4908,0.464758877,0.9818,0.3333
"7",2011,0.6199,29369,0.173,0.2036,0.380263158,0.2244,0.369098712,0.6847,0.5189
"8",2011,0.8365,17718,0.295,0.2159,0.495129079,0.2389,0.43187251,0.6663,0.3152
"9",2011,0.7435,26090,0.1554,0.1818,0.4375,0.2323,0.453125,0.6832,0.3797
"10",2011,0.6756,16119,0.4593,0.136,0.61910594,0.237,0.47261236,0.7425,0.2978
"11",2011,0.8065,27248,0.2379,0.1493,0.469325153,0.331,0.406896552,0.8142,0.428
"12",2011,0.757,17670,0.1457,0.1129,0.432343234,0.1393,0.364685004,0.5597,0.4342
"13",2011,0.8764,12977,0.1269,0.1427,0.461125045,0.1807,0.418711656,0.6528,0.2739
"14",2011,0.8258,34371,0.0738,0.0605,0.256818182,0.0678,0.186263097,0.3833,0.7024
"15",2011,0.8726,13746,0.2082,0.2399,0.497737557,0.2598,0.397156573,0.5197,0.3823
"16",2011,1,18509,0.3218,0.2184,0.564814815,0.5829,0.457446809,0.8,0.2941
"17",2011,0.4647,24615,0.9272,0.0392,0.612094395,0.0513,0.436115843,0.8248,0.3447
"18",2011,0.641,30034,0.8673,0.0257,0.479750779,0.0652,0.286821705,0.45,0.4301
"19",2011,0.3261,39710,0.0461,0.3981,0.404255319,0.4834,0.408653846,0.5414,0.4615
"20",2011,0.8664,20061,0.0519,0.1339,0.422020598,0.2107,0.372004899,0.4935,0.5747
"21",2011,0.7359,26385,0.0579,0.2278,0.724326852,0.7143,0.539845648,0.8196,0.2969
"22",2011,0.7359,26952,0.1026,0.2039,0.724326852,0.656,0.539845648,0.8154,0.2833
"23",2011,0.8255,37677,0.0197,0.193,0.555555556,0.4493,0.230952381,0.7445,0.2927
"24",2011,0.5666,30745,0.0551,0.0433,0.32326284,0.1555,0.290734824,0.7407,0.3469
"25",2011,0.9624,16990,0.2613,0.378,0.57356298,0.4274,0.442873696,0.4832,0.2192
"26",2011,0.6471,31045,0.0426,0.0256,0.416058394,0.0767,0.406417112,0.6636,0.4955
"27",2011,0.9093,18333,0.1712,0.1137,0.458051421,0.1182,0.39394679,0.4781,0.4006
"28",2011,0.7437,19872,0.1948,0.1332,0.461675579,0.3368,0.445759369,0.5535,0.3558
"29",2011,0.7218,23751,0.0416,0.0468,0.25707196,0.0662,0.22303283,0.579,0.6325
"30",2011,0.5889,17175,0.2264,0.1016,0.507515473,0.1768,0.463343109,0.5761,0.3076
"31",2011,0.825,44854,0.0304,0.0078,0.216101695,0.0042,0.186550976,0.5481,0.7286
"32",2011,0.7251,30606,0.0335,0.1001,0.33562316,0.23,0.341772152,0.5871,0.6565
"33",2011,0.6375,29140,0.0618,0.0096,0.272592593,0.0169,0.251177394,0.4634,0.6274
"34",2011,0.68,20107,0.9272,0.0659,0.6827853,0.1981,0.447619048,0.9167,0.3115
"35",2011,0.585,20545,0.0536,0.0351,0.465116279,0.1568,0.489189189,0.6149,0.3571
"36",2011,0.6687,16466,0.3031,0.0932,0.569767442,0.1958,0.494117647,0.5302,0.328
"37",2011,0.559,14353,0.0428,0.2353,0.61467432,0.32,0.540439053,0.418,0.185
"38",2011,0.7359,25652,0.1121,0.2,0.724326852,0.6424,0.539845648,0.8556,0.3714
"39",2011,0.6321,54019,0.0177,0.1657,0.526170799,0.3345,0.236764706,0.624,0.5443
"40",2011,0.7548,16395,0,0.1538,0.613445378,0.7308,0.46875,0.0701,0.6053
"41",2011,0.7668,41843,0.0236,0.0551,0.280938124,0.0641,0.22332636,0.7974,0.7119
"42",2011,0.7406,36439,0.0877,0.1195,0.367536754,0.2012,0.384329618,0.7546,0.5521
"43",2011,0.7626,49375,0.0474,0.0596,0.431147541,0.2097,0.267256637,0.5797,0.4862
"44",2011,0.4399,44254,0.0399,0.0856,0.279266573,0.1581,0.317092034,0.6342,0.639
"45",2011,0.3254,21479,0.0076,0.0371,0.276945186,0.0351,0.242598321,0.3434,0.7459
"46",2011,0.2197,18698,0.1106,0.1326,0.585661394,0.3285,0.458282209,0.3189,0.4329
"47",2011,0.5717,13161,0.0562,0.1651,0.643401822,0.2913,0.591262278,0.3118,0.3647
"48",2011,0.4547,30224,0.0254,0.0162,0.379550399,0.0245,0.351704734,0.4382,0.7978
"49",2011,0.6382,30670,0.0209,0.0277,0.396392367,0.0435,0.368203004,0.5188,0.7337
"50",2011,0.2692,53643,0.0708,0.0133,0.376590331,0.1069,0.188010899,0.6542,0.6522
"51",2011,0.6907,20707,0.0375,0.0284,0.412048193,0.1953,0.235602094,0.5427,0.6233
"52",2011,0.7597,38324,0.0326,0.0505,0.316964286,0.1301,0.283681214,0.6418,0.5055
"53",2011,0.3946,35943,0.122,0.1057,0.490853659,0.3258,0.423758865,0.7304,0.3077
"54",2011,0.5411,33058,0.0358,0.3477,0.445414847,0.2778,0.347826087,0.521,0.4286
"55",2011,1,29887,0.1088,0.1253,0.647746244,0.6598,0.426587302,0.6917,0.6571
"56",2011,0.6364,30368,0.1278,0.108,0.492307692,0.2614,0.282485876,0.7036,0.3182
"57",2011,0.6398,42438,0.2665,0.2102,0.385365854,0.307,0.432485323,0.8676,0.3924
"58",2011,0.8274,20650,0.0372,0.0772,0.515028018,0.1785,0.353634013,0.5332,0.3973
"59",2011,0.7359,25701,0.1359,0.2077,0.724326852,0.6703,0.539845648,0.7062,0.2363
"60",2011,0.7359,25355,0.0523,0.2046,0.724326852,0.5738,0.539845648,0.8269,0.3727
"61",2011,0.7359,25376,0.0519,0.1766,0.724326852,0.5968,0.539845648,0.8581,0.4598
"62",2011,0.9559,23594,0.037,0.1783,0.397163121,0.25,0.404669261,0.5147,0.4219
"63",2011,0.5926,40660,0.0775,0.3184,0.429782082,0.5103,0.482310469,0.3923,0.5793
"64",2011,0.3947,34839,0.0115,0.0922,0.386666667,0.1935,0.22815534,0.9687,0.5581
"65",2011,0.5344,52047,0.0555,0.0245,0.283135183,0.0262,0.188452656,0.4716,0.7696
"66",2011,0.4467,38024,0.0947,0.049,0.434645669,0.0368,0.401119403,0.5441,0.3
"67",2011,0.379,49770,0.0645,0.0689,0.308510638,0.1026,0.37993921,0.5511,0.3425
"68",2011,0.5704,51877,0.0758,0.0487,0.456451613,0.1838,0.297833935,0.7248,0.57
"69",2011,0.6807,43368,0.0948,0.2206,0.438585608,0.2527,0.452119309,0.8899,0.4758
"70",2011,0.987,37224,0.0711,0.1294,0.522529644,0.3209,0.338273758,0.8906,0.4675
"71",2011,0.9861,15930,0.0248,0.3747,0.552631579,0.4369,0.659638554,0.2938,0.1818
"72",2011,0.9,43504,0.0075,0.13,0.567839196,0.38,0.397660819,0.7834,0.7273
"73",2011,0.7099,45656,0.0654,0.3499,0.433763189,0.3636,0.378486056,0.6647,0.5139
"74",2011,0.3871,55691,0.0408,0.0052,0.228148148,0.0052,0.16271722,0.4238,0.8349
"75",2011,0.511,47067,0.0387,0.0158,0.514112903,0.1394,0.249433107,0.6684,0.5205
"76",2011,0.5217,35802,0.0759,0.2138,0.396992481,0.4107,0.463247863,0.8154,0.3277
"77",2011,0.4683,36748,0.0632,0.0868,0.337246532,0.14,0.257540603,0.7619,0.492
"78",2011,0.3584,47871,0.0372,0.0201,0.331943721,0.0646,0.347457627,0.6308,0.6023
"79",2011,0.3156,53084,0.0711,0.1202,0.31092437,0.0967,0.231182796,0.4357,0.8127
"80",2011,0.1403,53490,0.0619,0.0026,0.279850746,0.0032,0.233333333,0.1161,0.9529
"81",2011,0.5507,29329,0.2367,0.1701,0.747071353,0.4735,0.592156863,0.8678,0.3425
"82",2011,0.3002,18157,0.0417,0.1299,0.494866136,0.1634,0.404772475,0.3657,0.6557
"83",2011,0.6147,20374,0.0503,0.1499,0.542248028,0.2138,0.41751256,0.3823,0.4648
"84",2011,0.6452,31436,0.0524,0.1851,0.381401617,0.2681,0.35530086,0.8829,0.5263
"85",2011,0.4625,29095,0.1229,0.3524,0.793717115,0.6818,0.550859747,0.8502,0.1569
"86",2011,0.3629,54700,0.0366,0.0063,0.216326531,0.0041,0.136752137,0.2918,0.8793
"87",2011,0.8088,21245,0.0175,0.0903,0.404025233,0.1273,0.372754998,0.3892,0.5666
"88",2011,0.7371,39081,0.0459,0.2325,0.358801498,0.2774,0.378648874,0.5019,0.5542
"89",2011,0.8939,43019,0,0.0453,0.617283951,0.4115,0.450704225,0.7865,0.5758
"90",2011,0.2302,55493,0.0461,0.0277,0.339819182,0.0441,0.216730038,0.5109,0.9012
"91",2011,0.7857,24797,0.2704,0.5212,0.737068966,0.7548,0.566666667,0.5419,0.25
"92",2011,0.613,49990,0.0143,0.0015,0.190559441,0.0082,0.184115524,0.5547,0.7711
"93",2011,0.7352,40545,0.0381,0.1388,0.536842105,0.2723,0.413087935,0.7699,0.5191
"94",2011,0.8694,25747,0.0162,0.0662,0.279822078,0.0694,0.187535331,0.347,0.6814
"95",2011,0.2576,50847,0.011,0,0.179292929,0.0054,0.095854922,0.2959,0.8755
"96",2011,0.5126,35310,0.0439,0.4351,0.589934762,0.4356,0.386339381,0.7484,0.3615
"97",2011,0.4455,25121,0.0126,0.0449,0.208425721,0.0628,0.182239382,0.4782,0.6958
"98",2011,0.7587,18682,0.0206,0.1037,0.292284867,0.1068,0.252755151,0.4614,0.635
"99",2011,0.709,18725,0.0103,0.0593,0.376483279,0.1864,0.312535776,0.7332,0.3686
"100",2011,0.7991,18115,0.0227,0.194,0.445217065,0.2805,0.432698346,0.5778,0.2709
"101",2011,0.7006,13037,0.0629,0.3949,0.537166428,0.4559,0.388762339,0.5064,0.2136
"102",2011,0.9124,39119,0.0119,0.0618,0.587121212,0.3864,0.207171315,0.6644,0.3514
"103",2011,0.7282,18186,0.0393,0.0883,0.310118265,0.131,0.351279968,0.583,0.4559
"104",2011,0.759,41825,0.0614,0.5287,0.370972991,0.6449,0.381583662,0.6419,0.622
"105",2011,0.9251,16716,0.0184,0.0572,0.338042381,0.1192,0.270010672,0.5149,0.3874
"106",2011,0.866,37999,0.2209,0.1389,0.39766702,0.6091,0.472750317,0.7116,0.5106
"107",2011,0.5668,42076,0.3736,0.3272,0.433483653,0.3807,0.426490985,0.7135,0.2841
"108",2011,0.6314,19771,0.0975,0.2014,0.317418214,0.2019,0.397137312,0.5537,0.4726
"109",2011,0.6159,42723,0.1439,0.1093,0.222303207,0.1151,0.27517843,0.6237,0.5546
"110",2011,0.9009,42253,0.1157,0.0648,0.352475248,0.083,0.36199095,0.6905,0.4561
"111",2011,0.6376,45145,0.0829,0.0941,0.229489164,0.0929,0.314140559,0.7095,0.5237
"112",2011,0.7737,37307,0.0786,0.4578,0.629391538,0.6735,0.54085962,0.6253,0.3605
"113",2011,0.6406,47073,0.0499,0.1438,0.176322418,0.1364,0.280151433,0.6274,0.6783
"114",2011,0.7843,40295,0.0989,0.1928,0.319672131,0.2656,0.40942029,0.7941,0.5583
"115",2011,0.7185,17015,0.1448,0.1348,0.335014409,0.1595,0.394793926,0.5951,0.4379
"116",2011,0.304,55505,0.0647,0.042,0.230769231,0.0278,0.137777778,0.1435,0.8586
"117",2011,0.2055,56641,0.0655,0,0.235751295,0.0038,0.183730715,0.3679,0.922
"118",2011,0.4265,20006,0.7585,0.074,0.400879297,0.0767,0.386087768,0.7559,0.3458
"119",2011,0.7484,31394,0.2368,0.2471,0.389784946,0.2887,0.451807229,0.5434,0.4286
"120",2011,0.8677,50072,0.0505,0.0474,0.151890887,0.0884,0.16374269,0.5785,0.6832
"121",2011,0.3169,55625,0.0717,0.0495,0.195816187,0.0669,0.131691649,0.4027,0.811
"122",2011,0.5052,29452,0.7053,0.3458,0.545454546,0.4096,0.513452915,0.8026,0.4516
"123",2011,0.4014,34168,0.1924,0.4648,0.643133462,0.4078,0.374859708,0.8257,0.3755
"124",2011,0.4444,15418,0.0691,0.2614,0.47133758,0.3467,0.386759582,0.5192,0.3143
"125",2011,0.6111,28720,0.0358,0.4039,0.708695652,0.6384,0.359801489,0.7412,0.6765
"126",2011,0.2793,24510,0.1698,0.2546,0.461538462,0.2605,0.423868313,0.6338,0.3421
"127",2011,0.6846,46581,0.0685,0.1108,0.322803554,0.2268,0.236649215,0.5899,0.6327
"128",2011,0.2266,22108,0.9401,0.016,0.725396825,0.2051,0.510504202,0.8671,0.1767
"129",2011,0.4835,16693,0.947,0.0797,0.541446208,0.1042,0.417511902,0.8249,0.4004
"130",2011,0.6156,23690,0.0499,0.0559,0.218390805,0.0359,0.256797583,0.5941,0.6408
"131",2011,0.9618,22663,0.1551,0.7694,0.433060109,0.661,0.418445122,0.5111,0.2791
"132",2011,0.5737,47704,0.1516,0.2094,0.663273059,0.4861,0.494866153,0.6241,0.5622
"133",2011,0.3323,23611,0.8347,0.0844,0.73198594,0.1547,0.563781321,0.8342,0.4225
"134",2011,0.6508,34340,0.06,0.1004,0.293478261,0.1215,0.340707965,0.5602,0.5455
"135",2011,0.5849,18145,0.0934,0.095,0.362273529,0.0741,0.281255345,0.4185,0.7384
"136",2011,0.4318,17784,0.0872,0.06,0.41275078,0.0564,0.322925618,0.2979,0.8369
"137",2011,0.3833,32791,0.0532,0.2476,0.629372571,0.3081,0.407860825,0.8221,0.3657
"138",2011,0.7359,26088,0.208,0.3499,0.724326852,0.7198,0.539845648,0.8595,0.2783
"139",2011,0.4161,38525,0.1938,0.2956,0.327146172,0.3554,0.387461459,0.7252,0.3971
"140",2011,0.3833,53928,0.0691,0.0505,0.329580988,0.0626,0.207957205,0.3983,0.779
"141",2011,0.6185,25255,0.339,0,0.769973661,0.5198,0.537117904,0.7004,0.4654
"142",2011,0.5767,36014,0.2376,0.3343,0.583057578,0.4032,0.424967825,0.5909,0.4292
"143",2011,0.8296,35124,0.1641,0.0634,0.400262467,0.1989,0.313235294,0.5878,0.5857
"144",2011,0.7329,49141,0.0342,0.0363,0.302447552,0.0778,0.224299065,0.6323,0.659
"145",2011,0.6647,45278,0.0665,0.0245,0.367346939,0.0581,0.295096322,0.5942,0.6399
"146",2011,0.5292,34364,0.0578,0.0539,0.283424284,0.0845,0.272230321,0.5458,0.5686
"147",2011,0.4757,14722,0.1667,0.1587,0.554285714,0.1832,0.388888889,0.4957,0.5037
"148",2011,0.3525,20426,0.1094,0.125,0.512048193,0.3073,0.363636364,0.7241,0.2727
"149",2011,0.4886,27081,0.3113,0.0969,0.536585366,0.4166,0.472175379,0.7253,0.5047
"150",2011,0.5516,31231,0.2234,0.0555,0.420924574,0.1072,0.375812744,0.5676,0.3451
"151",2011,0.6605,15224,0.1119,0.2639,0.487624245,0.2973,0.371713316,0.3958,0.4831
"152",2011,0.4588,43133,0.3096,0.0048,0.356984479,0.0471,0.238095238,0.5919,0.6463
"153",2011,0.5496,16044,0.8337,0.1237,0.655049787,0.2317,0.401004604,0.862,0.406
"154",2011,0.5653,17519,0.2408,0.2758,0.494056464,0.3044,0.352074236,0.5385,0.3171
"155",2011,0.4716,29444,0.6715,0.0602,0.539140022,0.6795,0.47382199,0.9609,0.4021
"156",2011,0.6172,14449,0.2679,0.2802,0.509858181,0.2746,0.341312741,0.5463,0.2109
"157",2011,0.6233,37255,0.0477,0.0104,0.238461539,0.0123,0.233065442,0.5565,0.5673
"158",2011,0.3384,31349,0.2928,0.4161,0.492320129,0.5568,0.46857671,0.6915,0.4393
"159",2011,0.6969,11739,0.158,0.4131,0.578568573,0.3817,0.456581353,0.3607,0.1391
"160",2011,0.3851,17222,0.6403,0.4094,0.613752914,0.533,0.407202216,0.5727,0.2649
"161",2011,0.5445,16041,0.3631,0.2801,0.499100488,0.306,0.353381295,0.5095,0.3102
"162",2011,0.6,35756,0.0287,0.0069,0.174698795,0.0466,0.096707819,0.5939,0.5148
"163",2011,0.5551,21067,0.1964,0.0387,0.459566075,0.1332,0.398720682,0.7911,0.3925
"164",2011,0.2887,53556,0.1024,0.007,0.324391251,0.0285,0.153879497,0.3903,0.8823
"165",2011,0.5794,18686,0.9446,0.0851,0.64374034,0.1252,0.376126126,0.8369,0.3312
"166",2011,0.5169,19793,0.0638,0.0514,0.293778224,0.0416,0.186440678,0.3137,0.7892
"167",2011,0.6835,16538,0.2917,0.2625,0.511337869,0.3045,0.409378961,0.5588,0.3017
"168",2011,0.8027,12341,0.0573,0.3721,0.495578551,0.2041,0.431175361,0.2576,0.1411
"169",2011,0.6997,21175,0.0552,0.0806,0.24173265,0.0419,0.254245512,0.4418,0.5533
"170",2011,0.5595,20604,0.243,0.0701,0.33476446,0.0798,0.271348458,0.5795,0.4653
"171",2011,0.5927,19628,0.0736,0.06,0.284645529,0.0439,0.208960797,0.3625,0.8328
"172",2011,0.4714,12902,0.405,0.305,0.573065233,0.2103,0.449553692,0.5616,0.1325
"173",2011,0.6392,19128,0.1523,0.248,0.442494057,0.29,0.3112255,0.5117,0.4057
"174",2011,0.586,34938,0.2257,0.0667,0.345083488,0.2133,0.330661323,0.7616,0.4836
"175",2011,0.6764,26179,0.3411,0.2819,0.691468254,0.5058,0.322994652,0.8157,0.381
"176",2011,0.7532,10335,0.314,0.4159,0.599566429,0.427,0.453232214,0.3875,0.1273
"177",2011,0.8277,43261,0.3499,0.1621,0.469728601,0.4176,0.371119473,0.6948,0.5976
"178",2011,0.8922,11474,0.4121,0.2905,0.591693066,0.255,0.449593496,0.5074,0.1199
"179",2011,0.6244,41188,0.9583,0.0582,0.392463235,0.0484,0.228541882,0.7429,0.5512
"180",2011,0.5323,15538,0.0259,0.1651,0.345102112,0.1467,0.31412844,0.4,0.5186
"181",2011,0.6942,21012,0.9369,0.0822,0.646481178,0.11,0.378698225,0.9005,0.2741
"182",2011,0.6435,28968,0.1088,0.1437,0.431014823,0.3232,0.407828283,0.7237,0.465
"183",2011,0.5792,28866,0.1306,0.0622,0.40509915,0.2213,0.372340426,0.578,0.4781
"184",2011,0.4869,45153,0.0825,0.1352,0.349042339,0.0992,0.199733688,0.5544,0.6425
"185",2011,0.6497,28385,0.1714,0.0455,0.500243309,0.1462,0.471530249,0.631,0.4674
"186",2011,0.3918,37974,0.8111,0.0406,0.374074074,0.0323,0.225672878,0.7193,0.7702
"187",2011,0.7405,15954,0.2214,0.275,0.46656114,0.3302,0.322779244,0.501,0.3218
"188",2011,0.83,24762,0.0769,0.0385,0.386727689,0.0727,0.348258707,0.4702,0.284
"189",2011,0.5847,19616,0.3427,0.1306,0.421692529,0.1379,0.33561044,0.6182,0.4321
"190",2011,0.556,28400,0.372,0.256,0.586206897,0.3826,0.411504425,0.4635,0.5221
"191",2011,0.5484,16725,0.3098,0.1748,0.423476703,0.161,0.370105347,0.5939,0.3921
"192",2011,0.5802,29706,0.0655,0.0282,0.35,0.035,0.363977486,0.6146,0.3503
"193",2011,0.9008,29111,0.0843,0.2139,0.547673532,0.3697,0.428694901,0.5809,0.3846
"194",2011,0.7093,13886,0.0106,0.1719,0.537047354,0.2485,0.375527426,0.4414,0.3692
"195",2011,0.8451,15334,0.0179,0.2458,0.454462541,0.3768,0.380703489,0.5463,0.3143
"196",2011,0.7359,26808,0.0235,0.2671,0.724326852,0.7415,0.539845648,0.8901,0.2857
"197",2011,0.9054,30505,0.1128,0.2256,0.397590361,0.0651,0.457446809,0.8641,0.4426
"198",2011,0.6158,42616,0.0282,0.0072,0.146869984,0.0115,0.2275,0.6438,0.7555
"199",2011,0.7397,29591,0.0893,0.126,0.321428571,0.2274,0.442774567,0.6839,0.4413
"200",2011,0.6848,20656,0.0809,0.0349,0.378973105,0.0656,0.398395722,0.7759,0.4809
"201",2011,0.7017,36700,0.0801,0.054,0.203428056,0.0517,0.269631031,0.6988,0.7515
"202",2011,0.566,32920,0.1331,0.0368,0.348453608,0.1102,0.386150235,0.7891,0.5962
"203",2011,0.7215,37698,0.0382,0.0511,0.288009889,0.1191,0.35154707,0.7138,0.6974
"204",2011,0.7156,26652,0.0381,0.0286,0.312621359,0.1219,0.425403226,0.7711,0.6522
"205",2011,0.973,33568,0,0.0441,0.389452333,0.0349,0.146750524,0.0718,0.057
"206",2011,0.6283,22378,0.0803,0.0766,0.437184158,0.1128,0.385085737,0.4752,0.5448
"207",2011,0.7612,32211,0.1048,0.2144,0.382845188,0.3226,0.398016997,0.5135,0.4935
"208",2011,0.6077,44802,0.0442,0.0024,0.133171913,0.0053,0.181933842,0.6184,0.8248
"209",2011,0.6482,32795,0.0807,0.0022,0.268022181,0.0171,0.395959596,0.7733,0.5664
"210",2011,0.635,43917,0.0678,0.0485,0.385964912,0.14,0.319803198,0.485,0.6364
"211",2011,0.6406,35329,0.0461,0.164,0.325722983,0.2503,0.371621622,0.9056,0.4862
"212",2011,0.9787,38046,0.2101,0.3966,0.597222222,0.5973,0.420258621,0.6578,0.4928
"213",2011,0.7153,41565,0.0534,0.0043,0.239786856,0.0077,0.209433962,0.6351,0.7846
"214",2011,0.535,46781,0.0641,0.0054,0.260115607,0.0134,0.273716952,0.6206,0.6816
"215",2011,0.6193,32075,0.0873,0.1872,0.294327648,0.2515,0.428759316,0.6749,0.6248
"216",2011,0.2941,31244,0.1875,0.2344,0.697674419,0.2344,0.59375,0.8364,0.1429
"217",2011,0.4487,22502,0.0567,0.1851,0.405339806,0.3902,0.382749326,0.7147,0.4444
"218",2011,0.7422,32547,0.3453,0.3018,0.561376075,0.274,0.458604651,0.7216,0.4097
"219",2011,0.7069,28006,0.1566,0.0763,0.497560976,0.1843,0.457300276,0.7784,0.3711
"220",2011,0.6753,33808,0.144,0.2339,0.343537415,0.3879,0.421541319,0.6387,0.5385
"221",2011,0.8537,24950,0.2029,0.6167,0.70212766,0.7711,0.533665835,0.7994,0.2353
"222",2011,0.6453,36790,0.0893,0.0171,0.302356021,0.0167,0.377142857,0.7908,0.5695
"223",2011,0.8621,26957,0.3904,0.3853,0.571527298,0.7829,0.459174715,0.6932,0.2593
"224",2011,0.4665,30760,0.0893,0.1557,0.351556568,0.1919,0.343103448,0.7001,0.5197
"225",2011,0.5254,25012,0.1527,0.1186,0.405501726,0.1525,0.373272458,0.6642,0.5553
"226",2011,0.2313,56406,0.0529,0.067,0.197501008,0.0775,0.128076763,0.3438,0.936
"227",2011,0.643,21129,0.0997,0.4051,0.635396308,0.4403,0.508560728,0.3034,0.2313
"228",2011,0.8004,35347,0.1047,0.1403,0.224022346,0.1788,0.294398093,0.6955,0.5755
"229",2011,0.9071,34507,0.1069,0.062,0.359430605,0.1554,0.425257732,0.7116,0.505
"230",2011,0.6154,37146,0.1069,0.3083,0.575418137,0.2922,0.439528559,0.8575,0.3145
"231",2011,0.4432,34700,0.0822,0.1401,0.422626788,0.2949,0.498583569,0.9315,0.3121
"232",2011,0.7381,40600,0.2165,0.2798,0.445692884,0.3659,0.391545687,0.7157,0.4649
"233",2011,0.5897,34345,0.081,0.0583,0.372093023,0.0973,0.444893832,0.6503,0.6278
"234",2011,0.4447,32139,0.0811,0.2321,0.291581109,0.3551,0.443438914,0.7568,0.6316
"235",2011,0.8295,34296,0.1735,0.1478,0.407407407,0.1841,0.45620438,0.7503,0.522
"236",2011,0.601,20661,0.1132,0.329,0.43321513,0.4242,0.380462725,0.5258,0.6087
"237",2011,0.463,41143,0.016,0.16,0.462686567,0.2205,0.253731343,0.8468,0.625
"238",2011,0.9808,34600,0.1784,0.1976,0.46635183,0.3203,0.357045144,0.5396,0.557
"239",2011,0.656,22485,0.1374,0.0951,0.373799726,0.1291,0.389603025,0.6359,0.5344
"240",2011,0.6473,38430,0.0266,0.022,0.189060642,0.0099,0.061668682,0.4873,0.8668
"241",2011,0.5638,35507,0.0598,0.0612,0.265822785,0.114,0.311365807,0.7364,0.6301
"242",2011,0.6754,19655,0.0615,0.0552,0.275741274,0.0651,0.343589066,0.5723,0.5626
"243",2011,0.6882,31248,0.121,0.19,0.438879457,0.3692,0.402234637,0.7543,0.5065
"244",2011,0.6085,43838,0.0356,0.0153,0.168659534,0.027,0.181640625,0.604,0.7269
"245",2011,0.3691,18743,0.2541,0.4816,0.533678757,0.5571,0.514767933,0.6027,0.2826
"246",2011,0.6846,46444,0.0827,0.0058,0.237373737,0.0075,0.168865435,0.5211,0.6625
"247",2011,0.5951,34273,0.0271,0.0436,0.226244344,0.1209,0.248815166,0.7107,0.7268
"248",2011,0.9514,30774,0.0488,0.0434,0.250388803,0.1389,0.285240464,0.5075,0.5628
"249",2011,0.6747,38200,0.0451,0.0038,0.198501873,0.0066,0.294466403,0.6133,0.7094
"250",2011,0.8397,31172,0.0713,0.0423,0.289036545,0.0488,0.263537906,0.6946,0.1267
"251",2011,0.8843,31510,0.0159,0.0735,0.232323232,0.1533,0.318739054,0.6778,0.6164
"252",2011,0.9104,19216,0.0778,0.2832,0.458219288,0.2761,0.443777582,0.5582,0.2666
"253",2011,0.6934,19956,0.1064,0.251,0.405232248,0.3357,0.41500484,0.5396,0.3247
"254",2011,0.716,17069,0.06,0.1622,0.344770223,0.1875,0.41091314,0.5498,0.3771
"255",2011,0.7006,15643,0.0432,0.3003,0.452581032,0.3277,0.496031746,0.4194,0.2147
"256",2011,0.7067,16025,0.0788,0.3094,0.474530831,0.3134,0.462793734,0.4401,0.2248
"257",2011,0.7693,16486,0.0635,0.3256,0.444760101,0.3335,0.465258856,0.4267,0.2696
"258",2011,0.6364,14166,0.038,0.3299,0.46638207,0.3776,0.537934969,0.4709,0.1937
"259",2011,0.7359,25772,0.251,0.1899,0.724326852,0.672,0.539845648,0.8653,0.2174
"260",2011,0.7359,25985,0.0908,0.3057,0.724326852,0.6783,0.539845648,0.903,0.2466
"261",2011,0.7359,27535,0.0916,0.4807,0.724326852,0.7698,0.539845648,0.8022,0.1636
"262",2011,0.6432,34797,0.0304,0.0047,0.257438551,0.0193,0.402489627,0.8875,0.5137
"263",2011,0.5353,36632,0.1777,0.2077,0.369843528,0.3777,0.378190255,0.7566,0.582
"264",2011,0.7176,31339,0.1671,0.0861,0.372382504,0.6674,0.492471443,0.6637,0.665
"265",2011,0.2429,53239,0.0303,0.0026,0.100607112,0.0019,0.10079929,0.5747,0.9588
"266",2011,0.4653,14367,0.1702,0.3194,0.459821429,0.3485,0.489983022,0.4898,0.2845
"267",2011,0.7095,13124,0.05,0.2746,0.448186529,0.2344,0.497168743,0.4806,0.2343
"268",2011,0.5382,30243,0.0718,0.1638,0.344325153,0.2418,0.414574899,0.9063,0.5392
"269",2011,0.6009,34431,0.1043,0.0421,0.301094891,0.1523,0.371031746,0.5983,0.5752
"270",2011,0.5088,36450,0.0358,0.594,0.486486487,0.7356,0.483940043,0.7922,0.5658
"271",2011,0.8396,43200,0.0154,0.0034,0.120287253,0.0093,0.171641791,0.6373,0.7878
"272",2011,0.838,36084,0.0197,0.0272,0.190410959,0.0481,0.162889518,0.4088,0.8039
"273",2011,0.7132,38945,0.0382,0.0255,0.368811881,0.0259,0.435512368,0.7515,0.4444
"274",2011,0.7433,39887,0.0528,0.0373,0.220979021,0.0669,0.269230769,0.6654,0.7083
"275",2011,0.75,27651,0.0287,0.2644,0.248427673,0.3534,0.333333333,0.8282,0.5
"276",2011,0.6384,36270,0.0261,0.1198,0.46007984,0.4365,0.387096774,0.8369,0.549
"277",2011,0.7315,38962,0.0208,0.0188,0.15308642,0.0256,0.220663265,0.7506,0.6339
"278",2011,0.7436,34279,0.0268,0.1195,0.260504202,0.2135,0.393559928,0.7543,0.6013
"279",2011,0.6432,41750,0.0295,0.0151,0.193265007,0.0446,0.212933754,0.8216,0.693
"280",2011,0.455,42820,0.0529,0.0084,0.238952537,0.01,0.236234458,0.691,0.6991
"281",2011,0.7963,33854,0.0103,0.0081,0.149001536,0.0172,0.220285262,0.6904,0.6621
"282",2011,0.6317,39550,0.0341,0.0484,0.169198895,0.0471,0.161059413,0.5515,0.7763
"283",2011,0.504,31902,0.0944,0.1215,0.376947041,0.2314,0.374002281,0.658,0.5059
"284",2011,0.9307,29512,0.0716,0.1685,0.360289283,0.2834,0.344729345,0.879,0.4074
"285",2011,0.448,49062,0.0549,6e-04,0.235514019,0.0142,0.145669291,0.3849,0.8779
"286",2011,0.6433,33428,0.0837,0.2227,0.415289256,0.2807,0.454545455,0.703,0.2519
"287",2011,0.7214,42707,0.0137,0.0025,0.124637681,0.0101,0.143001007,0.705,0.6932
"288",2011,0.4112,34563,0.0807,0.0432,0.746268657,0.4029,0.319502075,0.6648,0.5
"289",2011,0.5483,23694,0.0402,0.4744,0.409972299,0.4646,0.362670713,0.799,0.5
"290",2011,0.6017,34038,0.0149,0.0196,0.223489168,0.0598,0.264884569,0.7872,0.5728
"291",2011,0.6994,34300,0.035,0.3967,0.311627907,0.4441,0.358024691,0.9625,0.6022
"292",2011,0.9004,23329,0.3405,1e-04,0.765990612,0.8745,0.568963958,0.7657,0.2206
"293",2011,0.7438,35452,0.0144,0.0236,0.188253012,0.0248,0.215070644,0.7023,0.6551
"294",2011,0.8392,35945,0.0328,0.1191,0.247893258,0.1628,0.300222387,0.6879,0.6183
"295",2011,0.8482,37772,0.0226,0.2323,0.21845175,0.2323,0.27131783,0.7446,0.6875
"296",2011,0.7604,39312,0.066,0.0142,0.179661017,0.0122,0.208133971,0.7403,0.6313
"297",2011,0.9211,34990,0.0963,0.4322,0.277097902,0.7528,0.39640492,0.8109,0.5481
"298",2011,0.5882,34602,0.0415,0.0061,0.168997669,0.0196,0.195863747,0.5824,0.5578
"299",2011,0.5969,30700,0.0912,0.0086,0.288607595,0.0479,0.308943089,0.7623,0.4189
"300",2011,0.8226,14642,0.0603,0.0975,0.370867769,0.1838,0.384918402,0.6399,0.427
"301",2011,0.6402,29922,0.0993,0.195,0.409610984,0.4947,0.420253165,0.7454,0.2517
"302",2011,0.4465,7760,0,0.068,0.681017613,0.2736,0.447488585,0,0.3533
"303",2011,0.5868,32000,0.0984,0.0872,0.29137931,0.143,0.376647834,0.8642,0.4219
"304",2011,0.572,31942,0.1218,0.0503,0.308488613,0.1014,0.369469027,0.7327,0.4579
"305",2011,0.9784,30424,0.1261,0.2306,0.300572519,0.3602,0.350622407,0.7152,0.4352
"306",2011,0.7684,14001,0.0368,0.0479,0.389755011,0.1679,0.377352036,0.622,0.5025
"307",2011,0.5526,29683,0.1394,0.2366,0.305206463,0.294,0.380582524,0.8198,0.4217
"308",2011,0.873,33209,0.1014,0.572,0.360427808,0.5353,0.423475259,0.5486,0.5735
"309",2011,0.4895,28180,0.0878,0.0658,0.295774648,0.1053,0.386934673,0.7642,0.4762
"310",2011,0.9115,34100,0.0733,0.1819,0.282415631,0.1678,0.389863548,0.7326,0.5246
"311",2011,0.9697,16885,0.0695,0.2794,0.511328671,0.3154,0.415297092,0.566,0.379
"312",2011,0.3338,18082,0.0139,0.0087,0.446043166,0.0422,0.541114058,0.5635,0.4468
"313",2011,0.5182,44004,0.041,0.0578,0.2856,0.0871,0.289915966,0.5643,0.6644
"314",2011,0.1245,8986,0.1525,6e-04,0.581950208,0.0831,0.439724455,0.2864,0.619
"315",2011,0.4789,26543,0.1161,0.2075,0.48409894,0.4174,0.49516441,0.6321,0.3208
"316",2011,0.6327,28498,0.134,0.1218,0.518617021,0.2176,0.486037736,0.4545,0.4435
"317",2011,0.7005,28880,0.0718,0.0254,0.377297297,0.1866,0.424028269,0.61,0.434
"318",2011,0.6576,17498,0.0583,0.1588,0.464676483,0.245,0.439479136,0.5777,0.3724
"319",2011,0.8835,38560,0.0892,0.0073,0.279346211,0.0196,0.301587302,0.6628,0.5913
"320",2011,0.3028,16732,0.5842,0.1335,0.573004543,0.2253,0.430711611,0.6992,0.2132
"321",2011,0.5215,27767,0.1015,0.0357,0.367729831,0.0729,0.422310757,0.8691,0.445
"322",2011,0.3487,26401,0.1111,0.0074,0.370813397,0.0656,0.41475827,0.8171,0.442
"323",2011,0.8173,31860,0.2014,0.2926,0.688468158,0.5169,0.581932773,0.8414,0.5929
"324",2011,0.749,19509,0.119,0.1831,0.386528658,0.2185,0.343009676,0.4267,0.5073
"325",2011,0.5165,25318,0.0738,0.3329,0.527910686,0.6905,0.534734918,0.8156,0.6047
"326",2011,0.8879,15075,0.0379,0.1958,0.468442077,0.1983,0.488993249,0.583,0.3641
"327",2011,0.8146,16018,0.0773,0.1124,0.433168959,0.2027,0.417696629,0.4944,0.5257
"328",2011,0.6626,13479,0.0661,0.1953,0.374112076,0.2494,0.445143732,0.5493,0.3735
"329",2011,0.4278,28210,0.2925,0.2513,0.511441648,0.5215,0.422279793,0.732,0.4206
"330",2011,0.8634,35276,0.0644,0.0615,0.270886076,0.2846,0.422192152,0.5522,0.5247
"331",2011,0.8375,36827,0.0373,0.0147,0.201456311,0.0039,0.215538847,0.6054,0.6963
"332",2011,0.735,28429,0.0946,0.0602,0.493464052,0.1597,0.531992687,0.809,0.322
"333",2011,0.6307,34693,0.1325,0.0125,0.325,0.0261,0.318421053,0.54,0.5819
"334",2011,0.4881,23343,0.9608,0.0552,0.644051131,0.0865,0.429594272,0.8627,0.2449
"335",2011,0.5509,17538,0.8693,0.0663,0.659294118,0.1592,0.409826912,0.7802,0.2764
"336",2011,0.6099,12648,0.1862,0.4195,0.574979952,0.3817,0.53449862,0.4222,0.0954
"337",2011,0.7219,17596,0.0981,0.0535,0.326095919,0.0634,0.285170546,0.3269,0.6202
"338",2011,0.4842,13282,0.2278,0.2551,0.571776156,0.2905,0.448979592,0.3566,0.2647
"339",2011,0.739,21722,0.1829,0.0633,0.440268456,0.148,0.396423249,0.87,0.3108
"340",2011,0.685,12959,0.1858,0.1486,0.497913323,0.2268,0.462307967,0.3871,0.373
"341",2011,0.5553,14982,0.1598,0.2387,0.549263219,0.3095,0.43147541,0.3569,0.3814
"342",2011,0.8418,13350,0.1949,0.178,0.488738739,0.1933,0.528529779,0.4553,0.3843
"343",2011,0.8237,14981,0.3015,0.2833,0.525878252,0.32,0.476290516,0.4735,0.338
"344",2011,0.2482,16978,0.258,0.6789,0.550133097,0.5233,0.467065868,0.6674,0.2286
"345",2011,0.431,13843,0.1535,0.1492,0.455906518,0.1558,0.469790628,0.4121,0.3339
"346",2011,0.4293,15613,0.9453,0.1072,0.630057804,0.2356,0.410691557,0.1556,0.3047
"347",2011,0.6593,11128,0.2118,0.1218,0.474910087,0.1726,0.453503915,0.3467,0.4143
"348",2011,0.6408,25511,0.8181,0.0347,0.494137353,0.0343,0.326713645,0.7662,0.5612
"349",2011,0.2689,55350,0.048,0,0.152019002,0.0023,0.115577889,0.2945,0.9224
"350",2011,0.1611,54950,0.048,0,0.220588235,6e-04,0.134020619,0.1913,0.9182
"351",2011,0.7513,22603,0.0382,0.1948,0.35243553,0.2506,0.390092879,0.8288,0.3778
"352",2011,0.8171,19104,0.0106,0.0565,0.335438043,0.0914,0.351959967,0.7268,0.5939
"353",2011,0.867,16181,0.0184,0.2645,0.438133874,0.4065,0.474725275,0.4529,0.4031
"354",2011,0.7852,16686,0.0452,0.2261,0.53133515,0.3986,0.452887538,0.429,0.3774
"355",2011,0.6412,21995,0.0054,0.0205,0.219178082,0.0831,0.234343434,0.8039,0.7143
"356",2011,0.8162,43979,0.0112,0.035,0.198198198,0.1853,0.274495677,0.698,0.5842
"357",2011,0.8812,39971,0.0303,0.4352,0.265607265,0.4398,0.360493827,0.5499,0.5455
"358",2011,0.7828,23555,0.0252,0.3073,0.415379958,0.3277,0.342598578,0.5789,0.3282
"359",2011,0.9252,32651,0.0448,0.1152,0.399267399,0.1275,0.409638554,0.8041,0.45
"360",2011,0.561,29500,0.3421,0.2395,0.35359116,0.3266,0.39375,0.5248,0.3692
"361",2011,0.5352,15476,0.8707,0.2642,0.596056338,0.4134,0.488668555,0.6514,0.1467
"362",2011,0.5524,17948,0.2497,0.0626,0.297548605,0.085,0.374489333,0.6046,0.4547
"363",2011,0.7922,41228,0.1191,0.0731,0.278325123,0.1459,0.324503311,0.7253,0.6822
"364",2011,0.194,55390,0.0545,0.0138,0.251655629,0.0636,0.132555673,0.4381,0.9112
"365",2011,0.4999,19363,0.7737,0.0632,0.463883677,0.1292,0.407021393,0.7136,0.3123
"366",2011,0.656,42063,0.099,0.0529,0.17032967,0.0729,0.249422633,0.6625,0.7597
"367",2011,0.5547,38950,0.3163,0.5995,0.345335516,0.6203,0.421441775,0.5054,0.483
"368",2011,0.9714,26318,0.6437,0.3985,0.457364341,0.6973,0.515151515,0.7582,0.3333
"369",2011,0.5657,48111,0.044,0.0048,0.120124805,0.0119,0.230273752,0.665,0.7507
"370",2011,0.7036,39729,0.2627,0.0923,0.414201183,0.2165,0.405373832,0.8438,0.3628
"371",2011,0.1332,54322,0.1161,0,0.31797235,0.0089,0.20802005,0.1745,0.9628
"372",2011,0.5992,39514,0.0792,0.1946,0.302068966,0.1986,0.397515528,0.7827,0.4872
"373",2011,0.7511,43396,0.0322,0.0671,0.188034188,0.0686,0.233695652,0.6888,0.6743
"374",2011,0.3383,54666,0.0414,0,0.227184466,0.008,0.18902439,0.4003,0.9041
"375",2011,0.7597,29890,0.2229,0.3592,0.54841629,0.2816,0.432098765,0.8483,0.2242
"376",2011,0.7243,39613,0.0833,0.196,0.375097886,0.2584,0.375221239,0.7914,0.2886
"377",2011,0.3999,53957,0.0435,9e-04,0.231362468,0.0066,0.133699634,0.5546,0.9118
"378",2011,0.6958,18425,0.0671,0.1648,0.299089727,0.1483,0.363636364,0.5187,0.5167
"379",2011,0.5217,38088,0.2297,0.9286,0.460093897,0.7077,0.403899721,0.7726,1
"380",2011,0.6792,44962,0.0362,0.0143,0.194690266,0.0312,0.192216981,0.571,0.7953
"381",2011,0.7006,42861,0.1352,0.1478,0.325210872,0.166,0.337234043,0.7156,0.4595
"382",2011,0.6269,35575,0.1329,0.0105,0.435364042,0.2923,0.38247012,0.7262,0.5103
"383",2011,0.4843,46710,0.03,0.0132,0.203522505,0.0226,0.136700337,0.5649,0.8126
"384",2011,0.5572,45642,0.0626,0.1217,0.19869403,0.1182,0.240594059,0.7241,0.6301
"385",2011,0.5901,41383,0.0185,0.0586,0.147441457,0.0696,0.193171608,0.6355,0.6734
"386",2011,0.5891,37395,0.1189,0.346,0.506493507,0.4767,0.474396135,0.631,0.4008
"387",2011,0.6838,16108,0.0379,0.1425,0.280082988,0.1743,0.362866817,0.6486,0.4725
"388",2011,0.655,18944,0.069,0.0999,0.257826888,0.1706,0.346949067,0.5578,0.5165
"389",2011,0.4027,39758,0.0246,0.022,0.178666667,0.0261,0.154482759,0.675,0.7391
"390",2011,0.7139,53456,0.0271,0,0.238831615,0.024,0.119217082,0.5304,0.6148
"391",2011,0.7396,40837,0.0729,0.0105,0.233519553,0.0202,0.324970131,0.8693,0.4651
"392",2011,0.6645,44258,0.0437,0.1764,0.290145985,0.1921,0.262278978,0.7193,0.4939
"393",2011,0.6447,19608,0.0676,0.2413,0.349744133,0.2906,0.357327501,0.6002,0.5
"394",2011,0.6844,18388,0.1561,0.2724,0.460184701,0.3509,0.418058132,0.5645,0.3983
"395",2011,0.7956,40719,0.0676,0.0622,0.311950336,0.1635,0.308571429,0.8491,0.6857
"396",2011,0.631,23381,0.0265,0.1151,0.285,0.2263,0.235924933,0.5215,0.6782
"397",2011,0.0973,53210,0.0692,0.0064,0.247047244,0.005,0.167523124,0.2826,0.9286
"398",2011,0.6281,24262,0.0189,0.0307,0.16117851,0.0399,0.198915009,0.6875,0.6527
"399",2011,0.8788,42447,0.0289,0.0391,0.208982585,0.0614,0.280701754,0.6263,0.6984
"400",2011,0.5149,53936,0.0557,0.0082,0.329048843,0.0511,0.155244755,0.4889,0.8488
"401",2011,0.7542,39665,0.1514,0.0711,0.346756152,0.1004,0.383526384,0.783,0.4359
"402",2011,0.8558,48941,0.0257,0.0685,0.380566802,0.1409,0.161572052,0.5383,0.4634
"403",2011,0.6734,18374,0.0845,0.1037,0.36628512,0.1638,0.358708189,0.8088,0.5314
"404",2011,0.3127,39257,0.0767,0.2,0.448508181,0.1659,0.34863388,0.8234,0.4054
"405",2011,0.8314,37327,0.0843,0.2081,0.367435159,0.3319,0.397082658,0.6047,0.6093
"406",2011,0.9636,35355,0.301,0.0291,0.622807018,0.0485,0.574193548,0.8333,0.3406
"407",2011,0.5736,19496,0.083,0.1839,0.380214205,0.2519,0.401077996,0.5531,0.4167
"408",2011,0.6783,42905,0.0345,0.0164,0.399386738,0.0242,0.371597096,0.8058,0.6707
"409",2011,0.7115,21918,0.097,0.1171,0.33971414,0.1332,0.352201258,0.6952,0.4821
"410",2011,0.6518,47275,0.0268,0.0057,0.086372361,0.0073,0.158415842,0.7002,0.8133
"411",2011,0.6139,38140,0.049,0.1008,0.240065324,0.1167,0.286919831,0.746,0.6101
"412",2011,0.7985,42517,0.0458,0.0643,0.18392283,0.0756,0.289057123,0.7439,0.6057
"413",2011,0.6121,18035,0.0383,0.0915,0.266313933,0.1152,0.326243828,0.6284,0.5833
"414",2011,0.7066,41775,0.1239,0.039,0.285198556,0.048,0.334710744,0.7949,0.5778
"415",2011,0.1872,54921,0.078,0,0.274285714,0.0034,0.183884298,0.1987,0.9534
"416",2011,0.6542,17217,0.0572,0.1862,0.286413709,0.2253,0.362169431,0.518,0.4695
"417",2011,0.6933,41528,0.0375,0.004,0.201986755,0.0086,0.223570191,0.5868,0.683
"418",2011,0.7285,38602,0.0238,0.0101,0.163059163,0.012,0.271386431,0.7405,0.6667
"419",2011,0.4495,30636,0.2461,0.0727,0.337579618,0.1223,0.162952646,0.5883,0.6339
"420",2011,0.7852,31433,0.0365,0.1304,0.289555326,0.1477,0.285087719,0.6953,0.522
"421",2011,0.7539,36470,0.0274,0.0169,0.189689359,0.0253,0.136578769,0.5708,0.769
"422",2011,0.5579,31639,0.1048,0.0444,0.319327731,0.0923,0.352769679,0.8644,0.4
"423",2011,0.4184,42860,0.0828,0.167,0.347266881,0.1749,0.275979557,0.7274,0.57
"424",2011,0.9333,24558,0.187,0.663,0.664697387,0.6224,0.474863719,0.7526,0.2512
"425",2011,0.641,44254,0.0362,0.0172,0.244972578,0.0395,0.221172023,0.5618,0.5922
"426",2011,0.8087,21886,0.0794,0.0353,0.46961326,0.3401,0.447852761,0.7923,0.5333
"427",2011,0.6271,31419,0.0991,0.1812,0.367403315,0.3911,0.386605784,0.7427,0.4434
"428",2011,0.8224,36960,0.0227,0.018,0.170090386,0.0191,0.183122363,0.5764,0.7907
"429",2011,0.7359,26549,0.1182,0.2781,0.724326852,0.6988,0.539845648,0.8751,0.3212
"430",2011,0.6881,44988,0.0364,0.0087,0.190476191,0.0021,0.135391924,0.5055,0.809
"431",2011,0.9058,18652,0.0134,0.1403,0.368531469,0.183,0.392778187,0.6298,0.346
"432",2011,0.4697,36280,0.0805,0.5239,0.418086501,0.1895,0.328571429,0.3541,0.4386
"433",2011,0.6523,21093,0.1454,0.4538,0.500938086,0.5055,0.4082798,0.5962,0.4541
"434",2011,0.4544,24700,0.7153,0.3047,0.752393981,0.5209,0.484482759,0.8696,0.2206
"435",2011,0.6322,24138,0.1652,0.3188,0.484662577,0.4124,0.414304993,0.713,0.4234
"436",2011,0.406,24065,0.0443,0.0286,0.250032986,0.0205,0.178827093,0.384,0.8951
"437",2011,0.7372,24119,0.0144,0.0581,0.209957727,0.0539,0.242954325,0.611,0.6533
"438",2011,0.7054,14812,0.1277,0.3326,0.487376509,0.3887,0.403456496,0.6597,0.3733
"439",2011,0.7218,16934,0.0202,0.0832,0.383453405,0.1856,0.350581827,0.6477,0.4734
"440",2011,0.6757,17405,0.0927,0.2434,0.40721721,0.2202,0.375805726,0.5458,0.4033
"441",2011,0.5487,25575,0.0354,0.1125,0.385964912,0.1478,0.242038217,0.7485,0.5
"442",2011,0.8931,16353,0.1017,0.1571,0.394303798,0.1852,0.391167192,0.676,0.3852
"443",2011,0.555,28375,0.1204,0.4653,0.417197452,0.5336,0.468135795,0.6287,0.4394
"444",2011,0.7353,29998,0.1258,0.2827,0.377164249,0.4542,0.402932255,0.7448,0.5584
"445",2011,0.664,27418,0.0542,0.061,0.478723404,0.1944,0.396355353,0.8231,0.3714
"446",2011,0.5106,38672,0.0974,0.1431,0.39133425,0.3149,0.279329609,0.6591,0.6524
"447",2011,0.8429,30384,0.0168,0.0319,0.185983828,0.031,0.182336182,0.7974,0.5062
"448",2011,0.8232,39113,0.0486,0.1945,0.195108077,0.2046,0.220651506,0.6778,0.7335
"449",2011,0.3099,54265,0.0355,0,0.153669725,0.0015,0.118644068,0.4411,0.9262
"450",2011,0.9456,36590,0.0157,0.0067,0.173015873,0.016,0.142136249,0.7004,0.6936
"451",2011,0.6409,43800,0.0306,0.0131,0.166058394,0.0056,0.15840622,0.6828,0.8173
"452",2011,0.7146,40152,0.0692,0.0225,0.327182399,0.0678,0.272869429,0.6948,0.6776
"453",2011,0.4544,34919,0.0161,0.2927,0.555749129,0.3215,0.324693042,0.852,0.3846
"454",2011,0.8864,16086,0.0469,0.0951,0.265237366,0.1152,0.273656004,0.6154,0.5009
"455",2011,0.9671,18606,0.1448,0.6212,0.543112625,0.7158,0.359243698,0.4912,0.2931
"456",2011,0.4679,22404,0.0418,0.0779,0.26960087,0.1236,0.201791263,0.4887,0.7023
"457",2011,0.7378,19744,0.0481,0.2113,0.305451128,0.1851,0.33646813,0.356,0.4674
"458",2011,0.6355,41369,0.0219,0.0337,0.289308176,0.1667,0.175496689,0.8952,0.6964
"459",2011,0.6189,21646,0.0154,0.0351,0.25638051,0.0487,0.208805031,0.5489,0.6034
"460",2011,0.6282,16339,0.0221,0.1384,0.304260219,0.1791,0.246034215,0.6546,0.4544
"461",2011,0.7108,25601,0.0363,0.0701,0.292389853,0.0658,0.264663805,0.7125,0.4085
"462",2011,0.5556,18942,0.0328,0.5246,0.55988024,0.576,0.23364486,0.5827,0.7857
"463",2011,0.7323,43198,0.0115,0.0216,0.138173302,0.0129,0.164082687,0.6604,0.8108
"464",2011,0.8992,16426,0.0506,0.1568,0.331035563,0.1508,0.30912574,0.5163,0.4904
"465",2011,0.719,35622,0.0572,0.294,0.266666667,0.2766,0.323782235,0.587,0.6238
"466",2011,0.5295,47200,0.0201,0.0083,0.141692151,0.0101,0.08667389,0.5459,0.8495
"467",2011,0.8117,38736,0.0215,0.117,0.310051107,0.2551,0.304133251,0.709,0.6347
"468",2011,0.8448,43739,0.0282,0.0334,0.163976522,0.0547,0.160776699,0.5891,0.7434
"469",2011,0.5571,40754,0.1072,0.3408,0.389478542,0.414,0.308831596,0.7671,0.6286
"470",2011,0.8019,17876,0.0338,0.1557,0.354037267,0.078,0.294208494,0.2804,0.3949
"471",2011,0.5078,27227,0.0769,0.1584,0.542505593,0.4574,0.324183007,0.9418,0.381
"472",2011,0.6894,19399,0.0204,0.0793,0.220547601,0.1017,0.260070289,0.629,0.5426
"473",2011,0.3643,16724,0.9336,0.1062,0.752873563,0.263,0.405532359,0.854,0.3327
"474",2011,0.4434,13843,0.4182,0.1584,0.574750831,0.3846,0.434586466,0.6195,0.395
"475",2011,0.1613,15360,0.9075,0.1553,0.790085205,0.2923,0.451830443,0.8187,0.2412
"476",2011,0.6279,19198,0.2259,0.0836,0.432621142,0.1268,0.292016807,0.5104,0.6017
"477",2011,0.4562,13384,0.9338,0.1215,0.763993949,0.192,0.443159923,0.776,0.2835
"478",2011,0.3496,19298,0.9735,0.0297,0.730834753,0.1005,0.373517787,0.7952,0.4831
"479",2011,0.8282,23021,0.3612,0.1422,0.624867725,0.4982,0.415458937,0.7744,0.5096
"480",2011,0.5291,32856,0.1831,0.1917,0.43618202,0.3167,0.361650485,0.7209,0.4156
"481",2011,0.7359,25749,0.3937,0.2767,0.724326852,0.6558,0.539845648,0.8669,0.2
"482",2011,0.8864,24258,0.0246,0.5591,0.518197574,0.532,0.447216891,0.8057,0.9706
"483",2011,0.8269,17400,0.0981,0.3509,0.496815287,0.3428,0.277777778,0.5922,0.4857
"484",2011,0.5546,27493,0.0452,0.1258,0.453551913,0.2524,0.414201183,0.581,0.3851
"485",2011,0.7989,16405,0.081,0.1115,0.36878425,0.1656,0.392849357,0.6169,0.4973
"486",2011,0.6763,23063,0.0502,0,0.341637011,0.0155,0.351351351,0.772,0.6304
"487",2011,0.6568,33124,0.0984,0.0423,0.365630713,0.0745,0.378968254,0.7717,0.4129
"488",2011,0.8011,29481,0.0318,0.2623,0.549553051,0.5232,0.464813206,0.7742,0.5746
"489",2011,0.696,31820,0.0435,0.0823,0.349445325,0.1434,0.324437031,0.9175,0.5248
"490",2011,0.6329,31704,0.241,0.2535,0.426490066,0.4107,0.374251497,0.7319,0.4278
"491",2011,0.6728,35306,0.0851,0.4094,0.358958069,0.3984,0.351928375,0.7443,0.6832
"492",2011,0.5527,27532,0.1603,0.2595,0.768431983,0.5038,0.539538139,0.8776,0.5283
"493",2011,0.5838,33354,0.0934,0.1739,0.406687403,0.1551,0.438879457,0.3371,0.283
"494",2011,0.9651,13151,0.0412,0.2222,0.541180086,0.3479,0.47679615,0.6089,0.3254
"495",2011,0.4994,27813,0.1961,0.0326,0.47962963,0.0858,0.463617464,0.6603,0.2618
"496",2011,0.8978,21230,0.0507,0.084,0.251381216,0.0756,0.253875969,0.5615,0.6716
"497",2011,0.691,23900,0.2089,0.3547,0.51849711,0.3002,0.391535517,0.4443,0.505
"498",2011,0.7503,18472,0.0422,0.0204,0.181411531,0.0123,0.230809129,0.4451,0.6884
"499",2011,0.6976,16288,0.0611,0.0611,0.306782825,0.0468,0.372015915,0.6049,0.4993
"500",2011,0.0894,25236,0.0066,0.0088,0.423448276,0.0247,0.371223022,0,0.5356
"501",2011,0.7554,18934,0.1916,0.8841,0.505338733,0.7855,0.488836411,0.39,0.3926
"502",2011,0.7615,39863,0.0649,0.0984,0.254067585,0.0671,0.232375979,0.5173,0.7405
"503",2011,0.6199,49386,0.0764,0.1057,0.251506849,0.0975,0.236933798,0.3351,0.7061
"504",2011,0.331,26266,0.3333,0.1873,0.512195122,0.4795,0.374301676,0.7359,0.2273
"505",2011,0.8821,26379,0.0464,0.2415,0.458435208,0.2643,0.410273516,0.5897,0.5014
"506",2011,0.1652,56930,0.0613,0.0505,0.136217949,0.1032,0.092985318,0.2436,0.9344
"507",2011,0.722,34832,0.148,0.2771,0.390456644,0.3407,0.328675238,0.5882,0.6066
"508",2011,0.5408,40721,0.0406,0.0453,0.273519164,0.0849,0.278504673,0.6321,0.6291
"509",2011,0.7995,31400,0.0421,0.1489,0.299657534,0.1807,0.384615385,0.6434,0.5043
"510",2011,0.7198,35035,0.0051,0.0398,0.242174629,0.0926,0.241438356,0.5748,0.5888
"511",2011,0.9947,14849,0.006,0.249,0.497708847,0.369,0.424483307,0.5554,0.4987
"512",2011,0.8795,17136,0.0069,0.0692,0.500742942,0.2868,0.395613323,0.4343,0.4045
"513",2011,0.9403,18600,0.008,0.1739,0.494973296,0.2617,0.336657497,0.5798,0.4727
"514",2011,0.6402,16446,0.0093,0.2221,0.562352941,0.3377,0.399737877,0.6323,0.2969
"515",2011,0.5456,31778,0.0107,0.015,0.355371901,0.1192,0.323843416,0.6988,0.5023
"516",2011,0.3214,22552,0.0694,0.4254,0.374517375,0.4795,0.418604651,0.769,0.5882
"517",2011,0.6865,30935,0.0289,0.0495,0.180223286,0.0477,0.183028286,0.5733,0.526
"518",2011,0.7781,43622,0.0304,0.0439,0.211194461,0.0744,0.188327317,0.5578,0.7732
"519",2011,0.8256,31930,0.0282,0.0038,0.345554537,0.014,0.343195266,0.8607,0.6328
"520",2011,0.5702,25045,0.0554,0.2454,0.340336135,0.2427,0.293859649,0.6658,0.3214
"521",2011,0.7049,32766,0.0348,0.0122,0.214173228,0.0404,0.310116086,0.7291,0.5609
"522",2011,0.8635,17384,0.0125,0.0889,0.298611111,0.1088,0.390804598,0.5188,0.6061
"523",2011,0.3421,21156,0.0427,0.3348,0.367307692,0.3974,0.352459016,0.8003,0.7838
"524",2011,0.8197,34174,0.0188,0.118,0.210121012,0.1623,0.236095346,0.6595,0.6355
"525",2011,0.593,18698,0.024,0.0675,0.237057221,0.065,0.24480501,0.4257,0.6669
"526",2011,0.4703,34906,0.0844,0.1442,0.451977401,0.4244,0.358178054,0.8428,0.4051
"527",2011,0.5744,29488,0.0609,0.0817,0.363861386,0.1198,0.24742268,0.6936,0.5058
"528",2011,0.585,39515,0.0135,0.0192,0.519434629,0.1812,0.325842697,0.5876,0.3651
"529",2011,0.6603,28490,0.0343,0.1075,0.313609468,0.108,0.302547771,0.8182,0.4323
"530",2011,0.1168,55386,0.076,0,0.226244344,0.0052,0.126777251,0.2627,0.9497
"531",2011,0.9325,42100,0.0304,0.161,0.229862475,0.2134,0.300213675,0.6263,0.4925
"532",2011,0.7673,41237,0.0526,0.0484,0.316901409,0.1159,0.327718224,0.6968,0.3758
"533",2011,0.8365,38828,0.0083,0.3855,0.448325879,0.4799,0.427387583,0.9384,0.5696
"534",2011,0.7481,20802,0.0063,0.0247,0.176536313,0.0528,0.268737864,0.6998,0.5754
"535",2011,0.8059,35476,0.0159,0.3149,0.271276596,0.3292,0.393371758,0.7186,0.3704
"536",2011,0.7143,45209,0.0171,0.0128,0.104231166,0.01,0.172669492,0.7474,0.7303
"537",2011,0.5075,33802,0.5319,0.0953,0.55234657,0.2477,0.4971537,0.7535,0.3215
"538",2011,0.8774,38624,0.1013,0.0601,0.290217391,0.4198,0.410071942,0.6362,0.4917
"539",2011,0.8408,53260,0.0937,0.0131,0.297709924,0.0365,0.265363129,0.5881,0.6803
"540",2011,0.6301,40049,0.1444,0.3226,0.406418555,0.226,0.429680224,0.3496,0.4212
"541",2011,0.8138,38499,0.1293,0.1903,0.439641109,0.3506,0.478043912,0.6453,0.3644
"542",2011,0.6301,46831,0.1069,0.0549,0.406418555,0.0629,0.429680224,0.6592,0.5464
"543",2011,0.6552,36153,0.1374,0.1158,0.411513859,0.2314,0.43980344,0.6668,0.5243
"544",2011,0.6332,38879,0.0408,0.0619,0.22422115,0.0606,0.32664489,0.6588,0.6635
"545",2011,0.6851,25377,0.1036,0.1411,0.411590385,0.1844,0.366914498,0.4391,0.5402
"546",2011,1,21000,0,0.0096,0.496350365,0.0667,0.198412698,0,0.1212
"547",2011,0.503,25998,0.0506,0.0777,0.255052547,0.1076,0.323321555,0.6008,0.7212
"548",2011,0.7332,44954,0.0956,0.1277,0.220967013,0.1276,0.322800195,0.6624,0.6338
"549",2011,0.6697,38367,0.2808,0.1105,0.435875943,0.1903,0.422520661,0.6436,0.5051
"550",2011,0.8505,45939,0.1395,0.0553,0.313438896,0.0971,0.316143498,0.5855,0.6583
"551",2011,0.5262,39926,0.2005,0.4679,0.444444444,0.4581,0.490463215,0.4175,0.5769
"552",2011,0.6453,27008,0.0683,0.081,0.328121122,0.1558,0.417181208,0.6515,0.6559
"553",2011,0.464,26874,0.056,0.0192,0.170487703,0.0264,0.220848057,0.4958,0.8657
"554",2011,0.6176,20346,0.1398,0.1581,0.37709014,0.1993,0.427097058,0.6272,0.4622
"555",2011,0.6287,13945,0.0518,0.2907,0.630015633,0.3245,0.525577043,0.3956,0.2389
"556",2011,0.7042,15815,0.0184,0.046,0.405975395,0.1871,0.282485876,0.3011,0.4621
"557",2011,0.6648,15722,0.0284,0.2014,0.607156932,0.2807,0.420596206,0.3585,0.4515
"558",2011,0.9976,42447,0.0664,0.0252,0.4725,0.1369,0.295392954,0.7384,0.4806
"559",2011,0.8323,30054,0.2008,0.2726,0.67274168,0.3383,0.467692308,0.6634,0.3472
"560",2011,0.6922,38892,0.1139,0.1065,0.323010584,0.1565,0.333774834,0.7742,0.6552
"561",2011,0.6409,37807,0.0371,0.0167,0.251170047,0.1001,0.216528926,0.6028,0.6769
"562",2011,0.723,39737,0.0704,0.012,0.274368231,0.0348,0.266859345,0.8601,0.5991
"563",2011,0.3095,40723,0.1583,0,0.362197393,0.0621,0.297079557,0.7523,0.7729
"564",2011,0.7048,38306,0.0771,0.1229,0.375776398,0.1122,0.342706503,0.754,0.4947
"565",2011,1,21477,0,0,0.481707317,0.0108,0.687707641,0,0.2525
"566",2011,0.7746,49466,0.0255,0.0024,0.197809278,0.0133,0.18707483,0.7697,0.7206
"567",2011,0.4599,28666,0.6109,0.063,0.771234428,0.6958,0.471169687,0.881,0.2375
"568",2011,0.6954,34941,0.1711,0.0592,0.394514768,0.3488,0.404580153,0.6759,0.5
"569",2011,0.0773,52069,0.0609,0.0011,0.41509434,0.0604,0.201388889,0.1908,0.7401
"570",2011,0.2281,13407,0.0994,0.2417,0.701432244,0.2203,0.47983871,0.1219,0.6332
"571",2011,0.2985,13007,0.2,0.2265,0.680184509,0.2066,0.424955254,0.1812,0.3998
"572",2011,0.2513,12774,0.1052,0.2547,0.627265306,0.208,0.424310065,0.1486,0.4595
"573",2011,0.4749,11599,0.2103,0.2015,0.671836447,0.1742,0.47800729,0.157,0.2996
"574",2011,0.302,12104,0.0802,0.2708,0.647314162,0.2164,0.452650657,0.1273,0.5306
"575",2011,0.8653,30997,0.1005,0.1505,0.403483309,0.3494,0.309446254,0.7382,0.4142
"576",2011,0.5987,29951,0.1036,0.1175,0.33209785,0.225,0.319410319,0.6779,0.4399
"577",2011,0.7068,33563,0.1726,0.1533,0.369545033,0.2006,0.375139978,0.962,0.4152
"578",2011,0.7545,48550,0.032,0.1516,0.238875878,0.1546,0.32133995,0.6751,0.5954
"579",2011,0.4336,16052,0.0783,0.125,0.405345212,0.3262,0.286821705,0.3387,0.657
"580",2011,0.612,29939,0.2191,0.0383,0.359300477,0.1013,0.340110906,0.5954,0.3143
"581",2011,0.4239,52775,0.0494,0.0629,0.241566265,0.0795,0.18534202,0.5734,0.7762
"582",2011,0.7707,45259,0.05,0.0256,0.257882883,0.0342,0.263990268,0.6728,0.5383
"583",2011,0.6907,24676,0.1009,0.1304,0.424,0.1754,0.380239521,0.7225,0.4076
"584",2011,0.5964,54168,0.0461,0.0018,0.16009558,0.0031,0.108478803,0.6323,0.7523
"585",2011,0.7161,36527,0.0272,0.0214,0.265886288,0.1065,0.224525043,0.8368,0.6854
"586",2011,0.8738,40877,0.0569,0.0212,0.247612985,0.022,0.327719298,0.6391,0.5747
"587",2011,0.682,48779,0.035,0.0111,0.181021342,0.0107,0.157120127,0.6979,0.7356
"588",2011,0.761,38193,0.0629,0.1711,0.375093214,0.4139,0.434854772,0.9545,0.5037
"589",2011,0.6166,40500,0.0477,0.0875,0.240841248,0.1139,0.239516702,0.7075,0.7225
"590",2011,0.2082,16814,0.1615,0.7334,0.495762712,0.7002,0.397034596,0.6943,0.2206
"591",2011,0.3373,43066,0.0261,0.0701,0.199734865,0.0798,0.217680608,0.608,0.8033
"592",2011,0.7892,40784,0.1144,0.1113,0.302617801,0.1137,0.233898305,0.4893,0.3958
"593",2011,0.6843,30068,0.155,0.0753,0.389871383,0.2553,0.365280289,0.8753,0.5123
"594",2011,0.6047,27586,0.2903,0.2018,0.558338076,0.3294,0.428466438,0.5463,0.2887
"595",2011,0.9333,16677,0,0.0082,0.8125,0.1803,0.58974359,0,0.2763
"596",2011,0.634,31864,0.1407,0.2155,0.312189055,0.2642,0.375609756,0.7711,0.6496
"597",2011,0.5945,20956,0.3776,0.2029,0.751976466,0.5277,0.50831422,0.819,0.508
"598",2011,0.5945,21079,0.5193,0.0947,0.751976466,0.1756,0.50831422,0.7087,0.5748
"599",2011,0.6661,34741,0.155,0.1371,0.381237525,0.1514,0.386666667,0.8498,0.5656
"600",2011,0.6993,38545,0.0448,0.0584,0.259607173,0.0838,0.202714932,0.7768,0.7406
"601",2011,0.7162,40812,0.4327,0.1403,0.669837495,0.7486,0.467889908,0.6473,0.2874
"602",2011,0.7578,36942,0.043,0.1174,0.275097784,0.1317,0.278206027,0.6242,0.6493
"603",2011,0.688,36052,0.0928,0.1525,0.41302521,0.1865,0.334138098,0.5477,0.4775
"604",2011,0.3191,32438,0.0434,0.6334,0.503267974,0.6313,0.384615385,0.337,0.8182
"605",2011,0.9638,32076,0.3409,0.1321,0.483094929,0.377,0.396729776,0.7795,0.3789
"606",2011,0.7866,44716,0.1155,0.1008,0.369290323,0.1397,0.340935673,0.5716,0.5346
"607",2011,0.7851,37875,0.0255,0.0264,0.30886076,0.0715,0.320217096,0.8371,0.4542
"608",2011,0.374,17879,0.3302,0,0.869918699,0.5539,0.898678414,0.7995,0.6738
"609",2011,0.6814,45230,0.0758,0.0402,0.447507953,0.0619,0.33373494,0.6058,0.5362
"610",2011,0.4022,23226,0.0503,0.1206,0.637583893,0.1884,0.368421053,0.4519,0.2571
"611",2011,0.5125,35869,0.1076,0.0921,0.304678999,0.2789,0.299155609,0.9227,0.6468
"612",2011,0.341,54730,0.0399,0.02,0.250131926,0.0698,0.148106904,0.5506,0.8309
"613",2011,0.6249,40081,0.1325,0.1404,0.411714771,0.2504,0.361296473,0.7722,0.5813
"614",2011,0.8089,33698,0.0641,0.0507,0.293002916,0.0608,0.330049261,0.45,0.581
"615",2011,0.6237,57743,0.0323,0.0143,0.243027888,0.0311,0.106339468,0.6694,0.6968
"616",2011,0.4848,40220,0.0324,0.0358,0.186562296,0.0416,0.17239011,0.6926,0.7379
"617",2011,0.7583,22563,0.1095,0.1961,0.328327922,0.2668,0.421369103,0.6352,0.6512
"618",2011,0.6647,36396,0.0428,0.0641,0.259073144,0.1108,0.281673542,0.7791,0.7306
"619",2011,0.4555,45717,0.1859,0.0318,0.365329053,0.0382,0.323979592,0.5606,0.5744
"620",2011,0.4901,19558,0.0895,0.0722,0.392653352,0.1502,0.3682339,0.7285,0.4793
"621",2011,0.7371,17648,0.1203,0.1682,0.474935968,0.2478,0.424925564,0.6569,0.3529
"622",2011,0.5671,18772,0.1258,0.1419,0.426524765,0.1924,0.402179062,0.6423,0.3738
"623",2011,0.6557,19888,0.1615,0.0744,0.47382499,0.1991,0.41581063,0.7591,0.2844
"624",2011,0.4714,19774,0.116,0.0485,0.330708661,0.0767,0.288347826,0.5855,0.6449
"625",2011,0.4007,19988,0.0523,0.0313,0.296081923,0.0426,0.232095169,0.4793,0.7701
"626",2011,0.3915,18807,0.0668,0.076,0.417402472,0.1019,0.350646984,0.4725,0.6727
"627",2011,0.4666,20297,0.0145,0.0151,0.259124088,0.078,0.222222222,0.6017,0.6615
"628",2011,0.3764,18124,0.0774,0.2311,0.388994307,0.3428,0.347734457,0.5159,0.4654
"629",2011,0.4431,15898,0.1577,0.1029,0.424805379,0.1959,0.327809942,0.6544,0.4669
"630",2011,0.4095,20065,0.0299,0.0177,0.220877458,0.0493,0.269194011,0.6727,0.6712
"631",2011,0.4322,19737,0.0238,0.0196,0.220235294,0.0275,0.179398719,0.5033,0.8094
"632",2011,0.4343,18625,0.0277,0.0155,0.216923629,0.0361,0.264484575,0.6299,0.6713
"633",2011,0.4831,19625,0.0471,0.0482,0.28470825,0.0848,0.301273368,0.7212,0.5743
"634",2011,0.6348,18709,0.0439,0.024,0.322018758,0.0668,0.286810552,0.7281,0.5109
"635",2011,0.4484,15518,0.3114,0.1413,0.51142355,0.2537,0.393129771,0.4659,0.3548
"636",2011,0.4806,17803,0.0523,0.0541,0.315402606,0.1094,0.309992706,0.6472,0.5889
"637",2011,0.6728,19952,0.0446,0.0446,0.246636771,0.0825,0.237179487,0.5465,0.4699
"638",2011,0.5603,24182,0.1623,0.2055,0.658219178,0.4283,0.349812084,0.4444,0.3448
"639",2011,0.2886,18468,0.1669,0.4451,0.552586207,0.5112,0.399009901,0.76,0.2953
"640",2011,0.7831,40171,0.1105,0.1932,0.331875342,0.2432,0.362858888,0.8431,0.4444
"641",2011,0.7026,19303,0.1596,0.1752,0.497382199,0.2341,0.33819242,0.6193,0.3333
"642",2011,0.7374,46156,0.0366,0.0369,0.340667678,0.1054,0.220949264,0.5066,0.6954
"643",2011,0.6936,48435,4e-04,0.0298,0.292231813,0.0075,0.100508906,0.2725,0.8418
"644",2011,1,17100,0,0,0.484848485,0.0057,0.238636364,0,0
"645",2011,0.5204,32934,0.266,0.231,0.433889602,0.2994,0.412676056,0.7618,0.4737
"646",2011,0.6281,27319,0.9307,0.0088,0.563876652,0.0231,0.425925926,0.8462,0.3922
"647",2011,0.5617,32529,0.1136,0.0208,0.342995169,0.0558,0.253229974,0.685,0.3493
"648",2011,0.6792,18990,0.103,0.5837,0.417582418,0.5828,0.373134328,0.629,0.7143
"649",2011,0.4162,36893,0.2075,0.0486,0.353246753,0.2352,0.344729345,0.6969,0.536
"650",2011,0.5959,28680,0.6747,0.0421,0.513682565,0.071,0.429596413,0.8968,0.2979
"651",2011,0.7102,9917,0.7419,0.0797,0.59212283,0.1788,0.377590177,0.7009,0.4371
"652",2011,0.6102,11587,0.7024,0.2057,0.636860068,0.4277,0.431591544,0.6504,0.3069
"653",2011,0.5938,31318,0.1991,0.1556,0.452840596,0.3686,0.409926471,0.4015,0.5457
"654",2011,0.5127,35315,0.2474,0.0537,0.413173653,0.2217,0.325581395,0.7074,0.3962
"655",2011,0.3949,19589,0.1688,0.6675,0.594771242,0.3028,0.527559055,0.9701,0.6
"656",2011,0.2885,28074,0.8014,0.0292,0.632805219,0.1121,0.422028353,0.8918,0.3705
"657",2011,0.6387,34508,0.0655,0.0045,0.392063492,0.1888,0.381849315,0.66,0.2406
"658",2011,0.5387,24000,0.9325,0.0061,0.657142857,0.0754,0.439114391,0.9567,0.2834
"659",2011,0.6778,33495,0.1712,0.0664,0.430449069,0.1686,0.397560976,0.7574,0.3849
"660",2011,0.6104,35819,0.1207,0.0486,0.356971154,0.1031,0.259640103,0.6574,0.5876
"661",2011,0.6198,27682,0.3818,0.5449,0.514483884,0.6902,0.471760797,0.6498,0.4198
"662",2011,0.6136,14306,0.8894,0.0815,0.505903542,0.1395,0.330915685,0.7504,0.4068
"663",2011,0.7743,15617,0.0258,0.0966,0.440559441,0.2302,0.213806971,0.4244,0.6072
"664",2011,0.7148,16199,0.168,0.1456,0.391611977,0.202,0.299688057,0.563,0.5271
"665",2011,0.411,17925,0.0904,0.0105,0.282674772,0.0674,0.181528662,0.5878,0.6369
"666",2011,0.6255,33440,0.52,0.2111,0.549904031,0.5399,0.501121076,0.6628,0.2222
"667",2011,0.5267,38030,0.1382,0.1348,0.411405295,0.1809,0.312785388,0.8697,0.3553
"668",2011,0.7467,14134,0.3176,0.1789,0.498558154,0.2901,0.37190971,0.6516,0.3351
"669",2011,0.7358,35960,0.1622,0.2381,0.401060071,0.2965,0.296650718,0.6456,0.5966
"670",2011,0.6008,29846,0.9681,0.0259,0.6125,0.1235,0.390194076,0.7238,0.2337
"671",2011,0.5961,37631,0.2174,0.1862,0.512461059,0.4053,0.343642612,0.6671,0.5267
"672",2011,0.5516,36257,0.1585,0.0313,0.420924574,0.048,0.375812744,0.7438,0.4293
"673",2011,0.3985,54135,0.0761,0.0101,0.185983828,0.0027,0.121072089,0.35,0.8815
"674",2011,0.9331,37572,0.0288,0.01,0.286036036,0.0364,0.160839161,0.5693,0.4472
"675",2011,0.8069,32240,0.1278,0.0234,0.286778399,0.0539,0.317412935,0.8483,0.5283
"676",2011,0.6204,14984,0.7811,0.11,0.535871157,0.3176,0.375262937,0.7064,0.4105
"677",2011,0.3881,16056,0.0634,0.1382,0.357630424,0.1913,0.327774883,0.5381,0.5036
"678",2011,0.6299,26116,0.0243,0.0364,0.24726477,0.0789,0.287410926,0.7022,0.4741
"679",2011,0.7522,21364,0.0296,0.19,0.303204602,0.241,0.293657689,0.6568,0.5153
"680",2011,0.5778,16151,0.0276,0.2131,0.398183195,0.2689,0.327125506,0.4618,0.3341
"681",2011,0.8601,17821,0.0206,0.0824,0.225268405,0.0926,0.206433225,0.5909,0.5371
"682",2011,0.8663,15299,0.0313,0.218,0.357142857,0.2363,0.31754386,0.5097,0.4211
"683",2011,0.7599,40054,0.093,0.0875,0.290384615,0.1469,0.336978811,0.687,0.6144
"684",2011,0.5126,52073,0.0445,0.012,0.326623377,0.0222,0.144578313,0.5602,0.7831
"685",2011,0.7537,30820,0.0158,0.0296,0.150409531,0.0155,0.133786848,0.5478,0.6837
"686",2011,0.3227,16288,0.9522,0.0785,0.692351598,0.155,0.49754386,0.8801,0.242
"687",2011,0.7448,24220,0.1224,0.1433,0.384615385,0.3604,0.430992736,0.83,0.4459
"688",2011,0.6316,29917,0.2559,0.2384,0.628560127,0.654,0.585210578,0.8379,0.5455
"689",2011,0.689,38962,0.0773,0.0515,0.313858696,0.1181,0.327561328,0.6915,0.636
"690",2011,0.7548,41090,0.0376,0.0442,0.124150268,0.0344,0.134868421,0.5129,0.7411
"691",2011,0.6731,35549,0.1026,0.1744,0.345997286,0.2004,0.445277361,0.8173,0.5125
"692",2011,1,17685,0.3906,0.6719,0.832844575,0.8969,0.580645161,0.757,0.0405
"693",2011,0.689,36454,0.0332,0.0613,0.27136334,0.0939,0.350170649,0.4656,0.5668
"694",2011,1,14332,0.0143,0.1714,0.513333333,0.2368,0.35,0.1613,0.3478
"695",2011,0.63,39590,0.1159,0.1014,0.332464146,0.1784,0.423943662,0.7513,0.6635
"696",2011,0.7359,26851,0.1881,0.195,0.724326852,0.7362,0.539845648,0.8839,0.3883
"697",2011,0.8379,42000,0.0494,0.0156,0.212942062,0.025,0.220646178,0.5954,0.7125
"698",2011,0.8865,15105,0.0665,0.6429,0.448599601,0.559,0.477808599,0.6971,0.1471
"699",2011,0.8865,15062,0.0435,0.7214,0.448599601,0.4621,0.477808599,0.6885,0.1031
"700",2011,0.8865,12685,0.0815,0.479,0.448599601,0.3595,0.477808599,0.67,0.2336
"701",2011,0.8865,15166,0.1205,0.6466,0.448599601,0.503,0.477808599,0.7388,0.2276
"702",2011,0.8865,14679,0.0199,0.5303,0.448599601,0.4069,0.477808599,0.6857,0.3019
"703",2011,0.8865,14306,0.0373,0.5683,0.448599601,0.4237,0.477808599,0.6801,0.2229
"704",2011,0.8865,23200,0.0886,0.171,0.448599601,0.1561,0.477808599,0.6541,0.4969
"705",2011,0.8865,12818,0.0962,0.7907,0.448599601,0.4416,0.477808599,0.6457,0.2925
"706",2011,0.2605,20375,0.0496,0.4475,0.398319328,0.4321,0.436823105,0.7267,0.5667
"707",2011,0.8903,38288,0.0648,0.0396,0.336347197,0.0804,0.391304348,0.6125,0.5345
"708",2011,0.7506,32177,0.0824,0.0946,0.322658127,0.2135,0.442832765,0.7014,0.5854
"709",2011,0.7004,39156,0.0539,0.029,0.23699422,0.0486,0.289230769,0.7813,0.5116
"710",2011,0.7471,21737,0.0714,0.6254,0.471023428,0.4843,0.499341239,0.7886,0.5143
"711",2011,0.7414,15744,0.1037,0.2696,0.377450398,0.3083,0.347753315,0.6095,0.2663
"712",2011,0.7414,16254,0.1091,0.2693,0.377450398,0.3909,0.347753315,0.6407,0.2289
"713",2011,0.7414,29082,0.0458,0.0235,0.377450398,0.0228,0.347753315,0.4361,0.8149
"714",2011,0.7544,20814,0.0495,0.1906,0.313645621,0.267,0.362473348,0.7708,0.6552
"715",2011,0.7234,31455,0.0531,0.0954,0.32721202,0.3116,0.414222222,0.7738,0.5684
"716",2011,0.7701,30775,0.0701,0.0778,0.340382679,0.0764,0.420660277,0.7947,0.5438
"717",2011,0.8889,34896,0.2076,0.2212,0.341994971,0.2252,0.364554637,0.7781,0.4747
"718",2011,0.6096,36457,0.2804,0.0923,0.428571429,0.2779,0.420810313,0.4989,0.4785
"719",2011,0.8211,45891,0.0413,0.0184,0.161960133,0.0273,0.258426966,0.6778,0.6712
"720",2011,0.7928,38788,0.0749,0.0922,0.239052405,0.0963,0.313253012,0.7613,0.617
"721",2011,0.7642,30680,0.0039,0.044,0.191272052,0.0596,0.162724693,0.7796,0.7143
"722",2011,0.9247,22770,0.9399,0.0284,0.652741514,0.1469,0.447368421,0.8176,0.2973
"723",2011,0.9027,35377,0.106,0.1595,0.314142678,0.2098,0.463382157,0.764,0.5109
"724",2011,0.7282,47956,0.0588,0.031,0.209227468,0.0537,0.25607064,0.6589,0.7131
"725",2011,0.7359,25722,0.1382,0.2049,0.724326852,0.6846,0.539845648,0.9056,0.403
"726",2011,0.524,23700,0.2626,0.1518,0.561157797,0.297,0.48628692,0.8868,0.1429
"727",2011,0.5794,29036,0.0696,0.4066,0.307966706,0.4672,0.430107527,0.8251,0.4797
"728",2011,0.9186,13399,0.0438,0.1851,0.567963387,0.2979,0.515704154,0.4901,0.3422
"729",2011,0.5421,11967,0.0564,0.2894,0.538495093,0.396,0.445942633,0.4797,0.2608
"730",2011,1,12031,0.0514,0.2294,0.481803798,0.2109,0.46754386,0.3831,0.3692
"731",2011,0.5119,26713,0.0849,0.0294,0.252972973,0.0485,0.222348917,0.6247,0.4474
"732",2011,0.8904,10186,0.1083,0.1315,0.470167064,0.216,0.465116279,0.4831,0.2157
"733",2011,0.6593,27338,0.0527,0.0245,0.317124736,0.121,0.285554311,0.5195,0.5121
"734",2011,0.5933,32924,0.1499,0.12,0.376650452,0.1379,0.281859071,0.6907,0.5558
"735",2011,0.5418,15385,0.036,0.3281,0.524981897,0.3583,0.481151196,0.4479,0.1245
"736",2011,0.5709,29331,0.0611,0.5095,0.437100213,0.5369,0.493796526,0.6805,0.3059
"737",2011,0.2725,13266,0.0398,0.1144,0.487096774,0.218,0.472125436,0.4178,0.3906
"738",2011,0.7752,14159,0.052,0.1917,0.554794521,0.303,0.515243902,0.445,0.2913
"739",2011,0.6974,20500,0.2877,0.2547,0.581196581,0.5078,0.509355509,0.7198,0.3171
"740",2011,0.9231,15136,0.0564,0.1458,0.451790634,0.2069,0.439697374,0.6629,0.3681
"741",2011,0.4127,33043,0.0186,0.3643,0.575411008,0.4135,0.377128954,0.8351,0.338
"742",2011,0.5762,33007,0.078,0.124,0.351648352,0.2737,0.362637363,0.75,0.5088
"743",2011,0.7401,17841,0.0234,0.3855,0.512489233,0.5018,0.454061896,0.5826,0.3173
"744",2011,0.5625,19745,0.0387,0.0581,0.567441861,0.2025,0.378947368,0.7131,0.2439
"745",2011,0.7962,39280,0.0223,0.1188,0.283728536,0.1683,0.275982533,0.6594,0.6152
"746",2011,0.7359,26660,0.0514,0.2629,0.724326852,0.7056,0.539845648,0.8353,0.3636
"747",2011,0.6602,49228,0.0202,0.0074,0.253691275,0.0266,0.143661972,0.4102,0.7306
"748",2011,0.7111,26234,0.0257,0.1595,0.430136986,0.2985,0.325513197,0.8943,0.4194
"749",2011,0.6563,32238,0.017,0.1953,0.394736842,0.3891,0.403125,0.9144,0.6042
"750",2011,0.8111,20459,0.0118,0.1573,0.38286188,0.1691,0.299585062,0.5268,0.6102
"751",2011,0.7879,20343,0.0191,0.076,0.349449369,0.0859,0.257369942,0.4396,0.6584
"752",2011,0.523,38355,0.0154,0.0845,0.507331378,0.2553,0.286604361,0.811,0.4167
"753",2011,0.6366,46143,0.012,0.0144,0.193338161,0.0302,0.205343512,0.5376,0.7552
"754",2011,0.3985,53700,0.0191,0.0035,0.254593176,0.0226,0.123989218,0.3974,0.8017
"755",2011,0.5948,18153,0.0212,0.2086,0.496487985,0.2692,0.379550102,0.4726,0.331
"756",2011,0.4328,36200,0.0218,0.0799,0.253588517,0.1542,0.290877797,0.5861,0.5024
"757",2011,0.4059,48301,0.0188,0.0107,0.171916011,0.0133,0.164325843,0.5407,0.7705
"758",2011,0.4442,23854,0.1336,0.0302,0.243902439,0.0641,0.265486726,0.4536,0.4091
"759",2011,0.5759,46320,0.0458,0.0048,0.193376068,0.008,0.185730464,0.6582,0.8039
"760",2011,0.7263,42271,0.0337,0.2525,0.266666667,0.306,0.366863905,0.6538,0.6866
"761",2011,0.7519,38448,0.104,0.2089,0.328042328,0.3216,0.46373057,0.6204,0.5267
"762",2011,0.6205,34022,0.117,0.2134,0.457044674,0.1652,0.521042084,0.8413,0.6902
"763",2011,0.4666,38197,0.3033,0.4076,0.531088083,0.2655,0.453034403,0.8686,0.3788
"764",2011,0.8106,27852,0.0323,0.2149,0.38,0.1417,0.268408551,0.6217,0.5649
"765",2011,0.5354,44869,0.0616,0.0777,0.260089686,0.085,0.32195122,0.8437,0.6181
"766",2011,0.4625,53780,0.0438,0.01,0.296226415,0.0183,0.130784708,0.5166,0.8732
"767",2011,0.2756,55180,0.0289,0.0014,0.152317881,0.0084,0.141531323,0.4478,0.9098
"768",2011,0.7176,46477,0.0864,0.0566,0.282909931,0.0629,0.344139651,0.7094,0.5247
"769",2011,0.6001,20954,0.0684,0.1072,0.326249416,0.1898,0.392829706,0.7698,0.4932
"770",2011,0.6514,33145,0.1686,0.2769,0.425488181,0.2684,0.402366864,0.5883,0.5092
"771",2011,0.3044,55286,0.0549,0.0174,0.229576625,0.0183,0.101726264,0.4087,0.87
"772",2011,0.6234,38803,0.092,0.4672,0.42605156,0.4754,0.503805175,0.786,0.4975
"773",2011,0.4345,23931,0.2025,0.4952,0.561146497,0.5445,0.557466771,0.8357,0.4628
"774",2011,0.8816,38977,0.3309,0.1831,0.437163375,0.4154,0.440084836,0.6652,0.4384
"775",2011,0.7928,19005,0.0651,0.1223,0.337151703,0.1642,0.426858513,0.6379,0.4885
"776",2011,0.7355,41345,0.045,0.1056,0.232949513,0.1266,0.381990521,0.6565,0.5536
"777",2011,0.7431,37419,0.2444,0.1939,0.449120603,0.3442,0.418828762,0.7092,0.6562
"778",2011,0.7531,20512,0.0736,0.0812,0.33044107,0.1591,0.393835616,0.7742,0.5063
"779",2011,0.6578,42955,0.0404,0.197,0.202911738,0.2097,0.341463415,0.7719,0.79
"780",2011,0.8519,35708,0.0694,0.0445,0.290166205,0.0865,0.32602118,0.7667,0.6672
"781",2011,0.3986,51880,0.0317,0.0036,0.107674685,0.0044,0.131609871,0.5533,0.8465
"782",2011,0.4827,35233,0.267,0.0778,0.311659193,0.4329,0.454775993,0.7189,0.7036
"783",2011,0.7041,28897,0.0748,0.2078,0.327495622,0.2681,0.5,0.7656,0.6147
"784",2011,0.779,43189,0.1674,0.5847,0.254306809,0.5999,0.416126043,0.471,0.5541
"785",2011,0.7127,43339,0.0259,0.0027,0.170771757,0.0148,0.242214533,0.6259,0.7571
"786",2011,0.9129,28108,0.048,0.1847,0.406996587,0.2607,0.479768786,0.7521,0.4448
"787",2011,0.7224,38256,0.033,0.0359,0.247021446,0.0902,0.334175084,0.7029,0.6284
"788",2011,0.4615,32853,0.0798,0.1549,0.320148331,0.221,0.397820164,0.6695,0.5232
"789",2011,0.9619,27270,0.0839,0.2298,0.3476874,0.3026,0.375899281,0.6037,0.5847
"790",2011,0.3558,20237,0.8076,0.0311,0.472577697,0.0669,0.394382023,0.8502,0.4016
"791",2011,0.715,17782,0.0639,0.0578,0.281694915,0.0911,0.435471976,0.747,0.4617
"792",2011,0.6954,42993,0.0483,0.003,0.210106383,0.0234,0.336647727,0.8297,0.7003
"793",2011,0.7684,19425,0.0816,0.056,0.352811466,0.1283,0.424499697,0.7915,0.5272
"794",2011,0.7001,38972,0.0087,0.0374,0.239495798,0.0772,0.332442068,0.7771,0.6246
"795",2011,0.7622,39274,0.0701,0.1455,0.405120482,0.1688,0.396558959,0.7539,0.6206
"796",2011,0.5769,18692,0.0803,0.0959,0.267683079,0.1024,0.406360424,0.6734,0.6447
"797",2011,0.5728,35297,0.0141,0.2809,0.287356322,0.2762,0.363556338,0.7053,0.6389
"798",2011,0.6673,45714,0.152,0.0621,0.40070922,0.1026,0.338521401,0.7756,0.5696
"799",2011,0.7969,43209,0.036,0.0255,0.230681818,0.0737,0.301204819,0.7867,0.7644
"800",2011,0.7227,28396,0.0228,0.1762,0.406354515,0.2581,0.50634058,0.8322,0.5085
"801",2011,0.664,26927,0.0332,0.0533,0.282387588,0.0931,0.321894507,0.7307,0.6687
"802",2011,0.664,19785,0.0476,0.1787,0.282387588,0.2413,0.321894507,0.6437,0.4
"803",2011,0.664,20667,0.0738,0.3247,0.282387588,0.5131,0.321894507,0.7787,0.4455
"804",2011,0.664,19330,0.0466,0.0715,0.282387588,0.1726,0.321894507,0.6551,0.4907
"805",2011,0.664,18645,0.0146,0.1732,0.282387588,0.2142,0.321894507,0.7186,0.4612
"806",2011,0.664,18247,0.0382,0.1134,0.282387588,0.1508,0.321894507,0.5667,0.4658
"807",2011,0.664,27760,0.0725,0.0421,0.282387588,0.0851,0.321894507,0.711,0.6367
"808",2011,0.664,22313,0.1091,0.0539,0.282387588,0.0966,0.321894507,0.6435,0.4328
"809",2011,0.664,25948,0.081,0.0698,0.282387588,0.1219,0.321894507,0.6942,0.5436
"810",2011,0.664,25435,0.0951,0.1303,0.282387588,0.2299,0.321894507,0.6294,0.6376
"811",2011,0.664,18652,0.1085,0.1057,0.282387588,0.1229,0.321894507,0.5728,0.3721
"812",2011,0.664,22264,0.0187,0.131,0.282387588,0.2629,0.321894507,0.6877,0.5723
"813",2011,0.664,18626,0.0484,0.1597,0.282387588,0.295,0.321894507,0.7657,0.436
"814",2011,0.664,25542,0.1306,0.0424,0.282387588,0.0947,0.321894507,0.749,0.5
"815",2011,0.664,29684,0.0425,0.0227,0.282387588,0.0289,0.321894507,0.5452,0.8667
"816",2011,0.664,24532,0.2937,0.0696,0.282387588,0.1398,0.321894507,0.7227,0.4583
"817",2011,0.664,25174,0.1221,0.1717,0.282387588,0.2095,0.321894507,0.7093,0.5437
"818",2011,0.664,18648,0.1457,0.117,0.282387588,0.1572,0.321894507,0.6155,0.4411
"819",2011,0.664,24782,0.3023,0.1444,0.282387588,0.1601,0.321894507,0.7756,0.4555
"820",2011,0.664,18926,0.079,0.222,0.282387588,0.2693,0.321894507,0.5384,0.4694
"821",2011,0.3922,26565,0.0354,0.063,0.267045455,0.0584,0.395061728,0.8014,0.52
"822",2011,0.7383,31680,0.1429,0.0769,0.321212121,0.1915,0.301552106,0.7779,0.6436
"823",2011,0.6435,46324,0.0589,0.0091,0.206437292,0.0551,0.254176611,0.8062,0.6468
"824",2011,0.7456,34883,0.1812,0.2042,0.420539034,0.2803,0.325666492,0.7621,0.5
"825",2011,0.7906,34788,0.0799,0.1054,0.301215278,0.1579,0.365900383,0.7713,0.5942
"826",2011,0.7662,38093,0.0652,0.0594,0.220224719,0.0819,0.307228916,0.6998,0.6401
"827",2011,0.7772,50938,0.0725,0.1438,0.153246753,0.1056,0.210038189,0.5138,0.7582
"828",2011,0.6704,38248,0.0605,0.0111,0.190134529,0.0427,0.267050913,0.7891,0.7256
"829",2011,0.7997,18962,0.0623,0.0393,0.229642949,0.0599,0.404906285,0.6837,0.5953
"830",2011,0.6706,19600,0.0507,0.0539,0.243174456,0.0823,0.354271357,0.7067,0.5909
"831",2011,1,34900,0,0,0.275,0.3548,0.275,0.2941,0.5
"832",2011,0.7324,44910,0.0338,0.0082,0.169902913,0.0181,0.229607251,0.685,0.7715
"833",2011,0.6371,36426,0.0823,0.0114,0.340659341,0.055,0.420698925,0.8038,0.3888
"834",2011,0.7015,52959,0.0643,0.0029,0.195965418,0.0034,0.245827011,0.6738,0.8005
"835",2011,0.7629,27391,0.1319,0.1253,0.330188679,0.158,0.364754098,0.7006,0.5524
"836",2011,0.4298,45183,0.031,0.0092,0.174743025,0.0082,0.262015504,0.7315,0.7383
"837",2011,0.7501,27101,0.0375,0.0475,0.203296703,0.1633,0.379207921,0.8356,0.5735
"838",2011,0.6083,39642,0.0204,0.0351,0.219478738,0.0185,0.299132948,0.7526,0.7417
"839",2011,0.7545,40300,0.0336,0.0696,0.261613692,0.0823,0.375545852,0.7321,0.5783
"840",2011,0.5175,37961,0.0513,0.3393,0.408571429,0.4907,0.476038339,0.5086,0.5405
"841",2011,0.7266,24866,0.0449,0.09,0.210506425,0.102,0.358695652,0.6783,0.6002
"842",2011,0.0891,54370,0.0579,0.0029,0.219383922,0.0114,0.148295004,0.2542,0.9521
"843",2011,0.767,47780,0.0383,0.0305,0.170363798,0.0267,0.187735849,0.6547,0.772
"844",2011,0.6056,52940,0.0374,0.0502,0.162057878,0.0757,0.156292287,0.5417,0.8496
"845",2011,0.777,44744,0.0234,0.1388,0.15282392,0.1436,0.189675174,0.5599,0.5938
"846",2011,0.728,33184,0.1156,0.1083,0.347922849,0.1987,0.336463224,0.5861,0.4807
"847",2011,0.3456,25111,0.9325,0.0148,0.600819672,0.1543,0.408182683,0.8968,0.4
"848",2011,0.5766,25060,0.065,0.0586,0.226906861,0.0398,0.186282306,0.4104,0.8044
"849",2011,0.5287,29313,0.4035,0.1157,0.545454546,0.3611,0.465625,0.8472,0.4865
"850",2011,0.6667,25899,0.0754,0.0561,0.43,0.2129,0.188811189,0.4387,0.5778
"851",2011,0.5311,37106,0.1268,0.098,0.383693046,0.1831,0.347150259,0.656,0.5989
"852",2011,0.5868,19405,0.48,0.0389,0.536423841,0.1334,0.405744125,0.5012,0.4166
"853",2011,0.6953,50936,0.0522,0.04,0.215686275,0.045,0.123209169,0.3705,0.8692
"854",2011,0.4626,20249,0.3405,0.0633,0.446112601,0.0853,0.378554502,0.6799,0.3694
"855",2011,0.5056,32464,0.5292,0.2588,0.574642127,0.6291,0.519163763,0.6677,0.4129
"856",2011,0.5798,27246,0.0791,0.0315,0.33079123,0.0455,0.30207305,0.4648,0.4589
"857",2011,0.6739,42552,0.0988,0.0087,0.17791411,0.0058,0.184713376,0.4444,0.6805
"858",2011,0.5029,17504,0.2927,0.1601,0.441194394,0.1606,0.358148893,0.5842,0.4146
"859",2011,0.7388,18638,0.1946,0.2036,0.420628525,0.2497,0.393385553,0.5741,0.2103
"860",2011,0.9581,23894,0.9574,0.061,0.611111111,0.1012,0.402329275,0.8641,0.3463
"861",2011,0.5866,19326,0.2719,0.1928,0.428704567,0.2147,0.38327175,0.6343,0.3872
"862",2011,0.5061,19876,0.9579,0.0156,0.729776248,0.1417,0.538934426,0.8684,0.3387
"863",2011,0.6841,22998,0.2826,0.076,0.375224417,0.1002,0.307094266,0.6546,0.5773
"864",2011,0.797,33990,0.0143,0.032,0.179706602,0.0447,0.164294955,0.7012,0.6513
"865",2011,0.9417,16680,0.0066,0.2217,0.415740741,0.305,0.3285,0.6125,0.286
"866",2011,0.9156,15813,0.0237,0.2779,0.335676626,0.2923,0.335877863,0.4435,0.3679
"867",2011,0.7605,29880,0.0353,0.0604,0.325141777,0.1461,0.306748466,0.8356,0.416
"868",2011,0.6947,29880,0.0204,0.2398,0.439824945,0.2947,0.36407767,0.5427,0.5108
"869",2011,0.75,23981,0.0698,0.2952,0.45174538,0.3357,0.330232558,0.7756,0.3922
"870",2011,0.8786,18062,0.0067,0.1046,0.275787188,0.1803,0.243428571,0.5298,0.4574
"871",2011,0.8893,17426,0.0233,0.2791,0.324415584,0.2579,0.301780164,0.6187,0.4816
"872",2011,0.8759,17598,0.1931,0.2724,0.527491709,0.3806,0.462173315,0.5767,0.3409
"873",2011,0.68,21770,0.3604,0.5948,0.470198676,0.5192,0.433333333,0.8054,0.6429
"874",2011,0.8151,38010,0.0425,0.071,0.234220907,0.0977,0.205597964,0.4541,0.6789
"875",2011,0.6725,29881,0.0899,0.0386,0.378902045,0.0724,0.393063584,0.6629,0.4454
"876",2011,0.479,32330,0.3536,0.1029,0.396755162,0.1836,0.366220736,0.6408,0.5216
"877",2011,0.4863,29917,0.1148,0.0827,0.352941177,0.2614,0.446927374,0.6268,0.341
"878",2011,0.8506,20825,0.0603,0.128,0.492444727,0.2442,0.447153086,0.495,0.4441
"879",2011,0.9917,28978,0.0577,0.0257,0.313676286,0.049,0.289544236,0.6691,0.5147
"880",2011,0.6303,22467,0.1502,0.0657,0.550200803,0.0986,0.486842105,0.7032,0.292
"881",2011,0.6126,19026,0.0224,0.035,0.358148893,0.1545,0.364628821,0.5912,0.5761
"882",2011,0.3346,15386,0.9985,0.0105,0.77340489,0.0874,0.511299435,0.8695,0.3364
"883",2011,0.4018,15383,0.9973,0.0981,0.767039675,0.4345,0.506345178,0.8065,0.1489
"884",2011,0.6497,27616,0.041,0.1676,0.485553207,0.2935,0.479505027,0.6478,0.518
"885",2011,0.454,36600,0.1835,0.0878,0.529411765,0.0957,0.254054054,0.754,0.3214
"886",2011,0.7032,32477,0.0576,0.0405,0.337186898,0.1829,0.33814433,0.6043,0.6527
"887",2011,0.5014,46456,0.0674,0.0017,0.210963455,0.0011,0.14017094,0.3982,0.75
"888",2011,0.4926,27590,0.1255,0.1196,0.335560505,0.1097,0.194006309,0.5838,0.5456
"889",2011,0.7343,16302,0.1664,0.0967,0.488940629,0.2026,0.493683188,0.4958,0.4801
"890",2011,0.2455,23926,0.19,0.4268,0.701244813,0.5418,0.549319728,0.8866,0.2679
"891",2011,0.7396,27635,0.0769,0.1414,0.379417879,0.3016,0.381920904,0.7317,0.5439
"892",2011,0.6938,30646,0.1259,0.0376,0.486873508,0.476,0.532801418,0.7766,0.3838
"893",2011,0.7655,37690,0.1248,0.1264,0.358992302,0.2591,0.33358605,0.3704,0.6059
"894",2011,0.6438,35300,0.0694,0.0509,0.214471969,0.0408,0.217096337,0.583,0.5971
"895",2011,0.9282,17538,0.0953,0.153,0.41227815,0.1707,0.431781701,0.5665,0.31
"896",2011,0.4545,28903,0.1647,0.3201,0.593180161,0.3647,0.41987041,0.8079,0.4254
"897",2011,0.5246,41171,0.041,0.0046,0.247232472,0.0128,0.233463035,0.7633,0.7493
"898",2011,0.9256,32256,0.1253,0.1944,0.329210276,0.3342,0.39707419,0.683,0.352
"899",2011,0.6355,22988,0.2,0.2906,0.423076923,0.382,0.392344498,0.8571,0.325
"900",2011,0.5724,27655,0.1872,0.0518,0.375609756,0.08,0.407114625,0.7051,0.4319
"901",2011,0.4404,17997,0.193,0.2548,0.523415326,0.3627,0.471693051,0.5916,0.3674
"902",2011,0.5658,30646,0.0618,0.1026,0.328865979,0.0948,0.323595506,0.6523,0.4654
"903",2011,0.3846,32181,0.1795,0.0926,0.446969697,0.1164,0.360039565,0.581,0.4543
"904",2011,0.6941,29294,0.0732,0.0808,0.345609065,0.109,0.402157165,0.6137,0.4591
"905",2011,0.8999,23652,0.6877,0.1041,0.619492657,0.1921,0.412903226,0.933,0.1964
"906",2011,0.946,31509,0.0664,0.3117,0.401331019,0.3618,0.451929366,0.6418,0.4343
"907",2011,0.7359,26011,0.2738,0.2302,0.724326852,0.6574,0.539845648,0.7965,0.3697
"908",2011,0.7359,26568,0.3762,0.0937,0.724326852,0.6444,0.539845648,0.8968,0.3867
"909",2011,0.5594,34110,0.1811,0.4768,0.37414966,0.5114,0.4,0.7243,0.5047
"910",2011,0.6121,26968,0.0592,0.1423,0.351351351,0.2481,0.384538153,0.8048,0.4791
"911",2011,0.6074,31389,0.1662,0.11,0.405063291,0.1988,0.389447236,0.7072,0.3621
"912",2011,0.52,15158,0.1198,0.2554,0.40984941,0.2872,0.400268336,0.5393,0.3435
"913",2011,0.5534,30473,0.0811,0.176,0.541318477,0.3512,0.526918671,0.7588,0.3643
"914",2011,0.6957,11165,0.0055,0.2578,0.679747137,0.1886,0.563040239,0.3512,0.419
"915",2011,0.3969,16821,0.8692,0.0699,0.551305543,0.1192,0.385641847,0.7848,0.3411
"916",2011,0.1882,47871,0.069,0.0092,0.310690423,0.0091,0.139049826,0.1893,0.9155
"917",2011,0.7841,33738,0.0486,0.2146,0.405017921,0.2432,0.390593047,0.4291,0.4394
"918",2011,0.6099,31111,0.0374,0.0315,0.394578313,0.1455,0.383193277,0.7795,0.4012
"919",2011,0.6112,34474,0.0355,0.0661,0.451247166,0.1025,0.440999139,0.6824,0.5769
"920",2011,0.5457,52514,0.0574,0.0306,0.269861286,0.0458,0.206919946,0.3241,0.753
"921",2011,0.3179,27979,0.0988,0.1609,0.426916221,0.2224,0.408560311,0.7566,0.356
"922",2011,0.6272,19945,0.2499,0.142,0.411736792,0.1192,0.406443618,0.5851,0.4403
"923",2011,0.6282,17289,0.0864,0.2758,0.438009511,0.2997,0.430795199,0.6767,0.3923
"924",2011,0.6904,20082,0.1548,0.3673,0.45070235,0.3622,0.431080977,0.5891,0.4029
"925",2011,0.5336,20743,0.0658,0.2218,0.481124807,0.2813,0.335574837,0.6732,0.6078
"926",2011,0.992,14108,0.0272,0.3268,0.646615029,0.2757,0.44251172,0.4498,0.3695
"927",2011,0.6906,17866,0.091,0.2369,0.496902959,0.2639,0.408015267,0.5355,0.4014
"928",2011,0.3766,43050,0.052,0.0387,0.244351464,0.0521,0.21978022,0.3597,0.7385
"929",2011,0.7891,12983,0.049,0.2464,0.520461095,0.3006,0.484488449,0.5156,0.3367
"930",2011,0.8325,17815,0.0926,0.1797,0.452865904,0.1988,0.395170789,0.5624,0.2716
"931",2011,0.6628,18631,0.0535,0.0993,0.352528888,0.0854,0.329770992,0.493,0.6142
"932",2011,0.523,27335,0.1758,0.3068,0.517133956,0.3297,0.466747279,0.8617,0.3678
"933",2011,0.6113,42326,0.0304,0.0065,0.191520468,0.0086,0.160902256,0.2939,0.7988
"934",2011,0.6278,16050,0.0034,0.0873,0.583795991,0.1168,0.12746687,0.1831,0.7755
"935",2011,0.2888,14798,0.0062,0.067,0.518453427,0.2364,0.242922374,0.1873,0.5101
"936",2011,0.7359,26597,0.0327,0.2411,0.724326852,0.7507,0.539845648,0.8756,0.2475
"937",2011,0.9733,14956,0.0106,0.2639,0.485150292,0.2481,0.320091673,0.3175,0.5284
"938",2011,0.6798,36655,0.0084,0.0463,0.3226366,0.1589,0.288058341,0.6624,0.6564
"939",2011,0.724,56050,0.0146,0.0044,0.23381295,0.0102,0.100746269,0.6003,0.6715
"940",2011,0.8483,31174,0.0112,0.1854,0.478873239,0.2378,0.320610687,0.8964,0.4286
"941",2011,0.6682,40580,0.0383,0.0256,0.301675978,0.0387,0.243478261,0.7873,0.437
"942",2011,0.9535,18165,0.0256,0.3267,0.432879377,0.359,0.445263158,0.7554,0.3333
"943",2011,0.6569,42309,0.0314,0.0301,0.206547155,0.0731,0.258064516,0.679,0.5508
"944",2011,0.7807,45630,0.0113,0.0061,0.133027523,0.0145,0.146428571,0.7114,0.8159
"945",2011,0.6918,30451,0.0976,0.2,0.548571429,0.3586,0.472972973,0.7409,0.5581
"946",2011,0.7816,29496,0.0833,0.1117,0.381546135,0.1673,0.440443213,0.7992,0.2353
"947",2011,0.7538,26274,0.0137,0.0357,0.207038835,0.0854,0.155488571,0.4742,0.7233
"948",2011,0.5468,32434,0.2538,0.0291,0.397137746,0.1083,0.460141271,0.7733,0.4105
"949",2011,0.4885,30150,0.2557,0.1319,0.370030581,0.3526,0.483704974,0.796,0.3592
"950",2011,0.5151,38416,0.0794,0.0055,0.16875,0.0085,0.338411317,0.7239,0.5852
"951",2011,0.3464,23722,0.0699,0.0061,0.173222912,0.0206,0.126151666,0.3093,0.9074
"952",2011,0.819,30337,0.2536,0.4023,0.494788473,0.6056,0.384022425,0.6741,0.3333
"953",2011,0.5859,22741,0.0801,0.0286,0.163287671,0.03,0.247586599,0.5073,0.6321
"954",2011,0.3456,29423,0.1059,0.1921,0.454545455,0.4309,0.420577617,0.8097,0.5309
"955",2011,0.7093,37738,0.0895,0.0164,0.316287879,0.0277,0.365111562,0.7264,0.5917
"956",2011,0.7826,35100,0.3404,0.0093,0.38707103,0.0172,0.427939876,0.9043,0.3121
"957",2011,0.3706,30285,0.9025,0.0893,0.347388596,0.124,0.258981233,0.7135,0.5487
"958",2011,0.8266,41876,0.1089,0.0209,0.386138614,0.1026,0.319783198,0.72,0.625
"959",2011,0.7777,33926,0.1501,0.1136,0.395070949,0.2203,0.270424837,0.6122,0.4787
"960",2011,0.6526,18499,0.8949,0.198,0.53892387,0.2677,0.402904424,0.6474,0.3448
"961",2011,0.8024,18892,0.0668,0.0371,0.256170621,0.0622,0.308834634,0.5518,0.5577
"962",2011,0.7109,41449,0.0883,0.0198,0.207119741,0.0613,0.221843003,0.9888,0.6304
"963",2011,0.6667,20572,0.0571,0.249,0.41011236,0.4327,0.311377246,0.8566,1
"964",2011,0.3271,52413,0.0937,0.0829,0.236895161,0.1095,0.213149523,0.427,0.8271
"965",2011,1,24202,0.9829,0.0195,0.70263789,0.2585,0.544342508,0.8587,0.2089
"966",2011,0.8111,38498,0.1269,0.0315,0.271863118,0.124,0.3,0.7191,0.4472
"967",2011,0.9881,27050,0.0417,0.0354,0.389857369,0.0984,0.255354201,0.6622,0.2511
"968",2011,0.7716,17345,0.1088,0.0653,0.419979613,0.2777,0.430681818,0.4653,0.388
"969",2011,0.9509,39398,0.0751,0.0751,0.414438503,0.2957,0.40960452,0.7423,0.2616
"970",2011,0.6655,22459,0.0371,0.0208,0.193665028,0.0269,0.187640281,0.4611,0.8162
"971",2011,0.746,26055,0.9715,0.0263,0.505914468,0.039,0.422566372,0.8434,0.2921
"972",2011,0.8601,38642,0.229,0.0871,0.308685446,0.1738,0.316129032,0.6935,0.4828
"973",2011,0.3717,30569,0.0235,0.3512,0.537971015,0.3661,0.35379538,0.7243,0.3404
"974",2011,0.7839,19646,0.0287,0.1047,0.39799031,0.1996,0.386521308,0.5509,0.5586
"975",2011,0.5725,42449,0.0348,0.0228,0.353965184,0.12,0.207739308,0.8876,0.454
"976",2011,0.8187,17928,0.039,0.1523,0.447566575,0.2342,0.359021407,0.5483,0.4621
"977",2011,0.9571,19245,0.0455,0.0675,0.584501237,0.3427,0.303466907,0.4685,0.5424
"978",2011,0.6462,43173,0.0123,0.0142,0.197004608,0.0347,0.168052257,0.5419,0.8294
"979",2011,0.7871,26398,0.1821,0.2164,0.769714562,0.7358,0.513589503,0.7854,0.2442
"980",2011,0.7871,27158,0.0156,0.1901,0.769714562,0.7188,0.513589503,0.8178,0.3043
"981",2011,0.7273,28877,0.0741,0.0556,0.396226415,0.2209,0.462365591,0.6429,0.7391
"982",2011,0.6165,32489,0.0593,0.086,0.333333333,0.2921,0.296344648,0.7056,0.507
"983",2011,0.7662,40879,0.0255,0.0329,0.248993289,0.0936,0.238603989,0.6333,0.6638
"984",2011,0.5184,49995,0.0189,0.0095,0.311361665,0.0166,0.14505893,0.56,0.7324
"985",2011,0.9392,37884,0.0891,0.1746,0.355781449,0.3436,0.37535014,0.5491,0.483
"986",2011,0.7984,41567,0.0359,0.0299,0.273488929,0.0651,0.233733418,0.647,0.7408
"987",2011,0.7052,44536,0.0409,0.0427,0.283487579,0.0846,0.199071686,0.625,0.7064
"988",2011,0.8898,32718,0.0296,0.0428,0.289299868,0.098,0.179558011,0.7831,0.5308
"989",2011,0.4767,40721,0.013,0.0126,0.257890685,0.0254,0.229013855,0.6303,0.8027
"990",2011,0.6974,32011,0.0462,0.0388,0.347150259,0.1454,0.485714286,0.7862,0.4885
"991",2011,0.6864,14830,0.1103,0.1569,0.614686469,0.4344,0.546890425,0.8434,0.2846
"992",2011,0.5682,34118,0.1321,0.021,0.406542056,0.1093,0.43559322,0.6009,0.5199
"993",2011,0.5162,16196,0.0626,0.0785,0.47902571,0.1816,0.491071429,0.7804,0.338
"994",2011,0.5683,14471,0.0422,0.118,0.468301712,0.3071,0.467336683,0.6414,0.3354
"995",2011,0.821,17081,0.19,0.2327,0.529069767,0.3807,0.528552457,0.4997,0.3367
"996",2011,0.8518,13418,0.1531,0.0641,0.299404712,0.1543,0.357009012,0.4978,0.2752
"997",2011,1,12501,0.1399,0.1845,0.573991031,0.3557,0.500829187,0.4925,0.2843
"998",2011,0.747,16033,0.048,0.0829,0.361187845,0.1121,0.41759054,0.6313,0.4663
"999",2011,0.8518,14561,0.0931,0.1597,0.299404712,0.2348,0.357009012,0.545,0.2921
"1000",2011,0.7808,36726,0.1008,0.0141,0.313103448,0.0338,0.391691395,0.6571,0.5537
"1001",2011,0.8518,15946,0.0388,0.0473,0.299404712,0.0723,0.357009012,0.5495,0.574
"1002",2011,0.716,35678,0.0279,0.1018,0.258232236,0.2073,0.320297952,0.6917,0.6211
"1003",2011,0.8185,28339,0.1808,0.2865,0.500910747,0.4059,0.473684211,0.9023,0.4038
"1004",2011,0.7057,44174,0.0345,0.0084,0.195171026,0.026,0.156448203,0.7065,0.7577
"1005",2011,0.4764,36121,0.2517,0.1431,0.423012785,0.7293,0.475570033,0.7611,0.456
"1006",2011,0.8114,33988,0.0162,0.1123,0.22074928,0.1084,0.344956413,0.7097,0.5719
"1007",2011,0.6946,40868,0.0377,0.1325,0.232316678,0.1354,0.291666667,0.8288,0.5868
"1008",2011,0.6574,33511,0.177,0.4191,0.357317073,0.4872,0.401106501,0.6611,0.5829
"1009",2011,0.719,32699,0.0343,0.1591,0.346553352,0.246,0.324847251,0.7955,0.5089
"1010",2011,0.7359,26204,0.2621,0.2667,0.724326852,0.6418,0.539845648,0.8924,0.2828
"1011",2011,0.527,45869,0.0339,0.0215,0.210131332,0.0101,0.17357002,0.5723,0.7744
"1012",2011,0.7535,22110,0.0012,0.0648,0.305907173,0.0755,0.226086957,0.5194,0.5279
"1013",2011,0.8193,30321,0.0522,0.2033,0.347449471,0.3424,0.452991453,0.7214,0.5229
"1014",2011,0.6103,38873,0.0456,0.018,0.300236407,0.0798,0.280104712,0.8592,0.5706
"1015",2011,0.6398,42662,0.0273,0.0814,0.244196843,0.1528,0.274432379,0.8688,0.5675
"1016",2011,0.5343,29396,0.2281,0.2154,0.486024845,0.3672,0.4315197,0.7234,0.4625
"1017",2011,0.8048,37058,0.0094,0.016,0.138836773,0.0189,0.258160237,0.6874,0.7024
"1018",2011,0.5966,30125,0.0536,0.4322,0.435344828,0.6176,0.52173913,0.4398,0.4242
"1019",2011,0.7789,30593,0.0209,0.2256,0.294258373,0.304,0.384876805,0.7007,0.474
"1020",2011,0.7591,16390,0.0067,0.0644,0.225639822,0.0783,0.270475228,0.5711,0.651
"1021",2011,0.8532,14914,0.01,0.2436,0.32032725,0.2624,0.428816467,0.5819,0.5454
"1022",2011,0.779,16721,0.0078,0.0277,0.180687831,0.0578,0.270468662,0.5652,0.6809
"1023",2011,0.6509,31487,0.0576,0.0576,0.215231788,0.1074,0.279569893,0.7143,0.6333
"1024",2011,0.8272,17137,0.1083,0.251,0.404976405,0.2494,0.443482444,0.5878,0.2771
"1025",2011,0.886,16980,0.0094,0.1585,0.253657327,0.168,0.332704233,0.6592,0.525
"1026",2011,0.8912,16736,0.0141,0.1794,0.410273516,0.3045,0.340563991,0.6617,0.4375
"1027",2011,0.8978,15754,0.0136,0.0676,0.264531044,0.1105,0.291455467,0.6518,0.5084
"1028",2011,0.4734,10829,0,0.2712,0.830049261,0.3141,0.375257732,0.1257,0.2645
"1029",2011,0.7843,8350,0,0.4341,0.773913044,0.8732,0.550561798,0,1
"1030",2011,0.9919,7310,0,0.1468,0.850380389,0.4198,0.397216274,0,0.3009
"1031",2011,0.4664,14259,0,0.2118,0.842343914,0.4165,0.435837944,0.2826,0.1518
"1032",2011,0.5461,11542,0,0.2827,0.612244898,0.1924,0.084745763,0.2696,0.8095
"1033",2011,0.848,13813,0,0.4063,0.856615709,0.5088,0.472543353,0.1828,0.233
"1034",2011,0.7227,9779,0,0.3852,0.686567164,0.2334,0.171548117,0,0.3889
"1035",2011,0.5443,6455,0.0011,0.0656,0.74825599,0.0896,0.350758853,0.1306,0.3658
"1036",2011,0.2469,5101,0,0.1289,0.67136451,0.1019,0.196143775,0.0571,0.3587
"1037",2011,0.9258,11414,0.0023,0.1881,0.670309168,0.0816,0.213981763,0.0555,0.4099
"1038",2011,0.8503,11996,0,0.067,0.707317073,0.051,0.248030255,0.0449,0.4405
"1039",2011,0.4004,11534,0.0025,0.0616,0.717499408,0.0692,0.247129579,0.0719,0.4847
"1040",2011,0.5204,12198,0.0025,0.0224,0.737152983,0.0646,0.324029952,0.0864,0.296
"1041",2011,0.6566,14867,0,0.0454,0.646187241,0.0518,0.204228932,0.1705,0.4164
"1042",2011,0.7793,12486,0,0.0526,0.696791286,0.0519,0.239165329,0.1086,0.3805
"1043",2011,0.6429,19142,0,0.1221,0.766423358,0.1047,0.350515464,0.2712,0.6667
"1044",2011,0.9457,19322,0,0.4724,0.648648649,0.2663,0.193126023,0.3001,0.1581
"1045",2011,0.9535,14407,0.7447,0.3675,0.666943522,0.3172,0.54657688,0.2222,0.2493
"1046",2011,0.071,55918,0.0732,0.0105,0.301824212,0.015,0.208445642,0.1809,0.9614
"1047",2011,0.6836,21549,0.0352,0.0565,0.230194484,0.0641,0.24152154,0.4236,0.6795
"1048",2011,0.848,12642,0,0.5821,0.856615709,0.5478,0.472543353,0.0521,0.1216
"1049",2011,0.7359,25338,0.0641,0.1702,0.724326852,0.5657,0.539845648,0.8556,0.3394
"1050",2011,0.7359,26836,0.0797,0.1643,0.724326852,0.715,0.539845648,0.8345,0.2929
"1051",2011,0.9797,25798,0.5472,0.2613,0.800336512,0.7322,0.526671675,0.9803,0.5789
"1052",2011,0.8631,53806,0.011,0.011,0.356097561,0.074,0.125,0.6039,0.5304
"1053",2011,0.7359,25979,0.0985,0.339,0.724326852,0.7216,0.539845648,0.8814,0.3774
"1054",2011,0.7359,24657,0.0676,0.2867,0.724326852,0.6061,0.539845648,0.8986,0.45
"1055",2011,0.7359,25791,0.3054,0.2902,0.724326852,0.6667,0.539845648,0.8501,0.4222
"1056",2011,0.7294,24021,0.2538,0,0.813609468,0.5644,0.642857143,0.7038,0.431
"1057",2011,0.5621,17965,0.0142,0,0.340983607,0.0225,0.228070175,0.4107,0.6789
"1058",2011,0.7811,33146,0.059,0,0.497841727,0.3509,0.344715447,0.6687,0.2869
"1059",2011,0.7359,25782,0.2373,0.192,0.724326852,0.6576,0.539845648,0.8509,0.3768
"1060",2011,0.7359,26873,0.0646,0.1664,0.724326852,0.6204,0.539845648,0.8897,0.181
"1061",2011,0.7359,26319,0.1835,0.212,0.724326852,0.6788,0.539845648,0.7769,0.3684
"1062",2011,0.7359,26873,0.3226,0.1565,0.724326852,0.6547,0.539845648,0.8689,0.3837
"1063",2011,0.6239,36518,0.0971,0.188,0.344262295,0.1173,0.23573201,0.7192,0.4741
"1064",2011,0.6091,23998,0.1603,0.2776,0.728502706,0.7403,0.615412446,0.784,0.2597
"1065",2011,0.4893,19049,0.1775,0,0.569343066,0.2811,0.454918033,0.9035,0.6818
"1066",2011,0.7359,26614,0.5675,0.1909,0.724326852,0.7309,0.539845648,0.7344,0.2049
"1067",2011,0.7359,28016,0.0445,0.2087,0.724326852,0.7519,0.539845648,0.8426,0.2809
"1068",2011,0.7359,26564,0.2396,0.3676,0.724326852,0.7946,0.539845648,0.8761,0.2738
"1069",2011,0.6115,21481,0.0227,0.0398,0.303724928,0.0753,0.344720497,0.8694,0.3832
"1070",2011,0.7359,26007,0.1179,0.2138,0.724326852,0.7297,0.539845648,0.764,0.3893
"1071",2011,0.6053,28165,0.0119,0.0833,0.426470588,0.1786,0.362068966,0.78,0.6667
"1072",2011,0.7359,25676,0.2461,0.2178,0.724326852,0.5567,0.539845648,0.8619,0.3548
"1073",2011,0.6726,25168,0.1946,0,0.744444444,0.5973,0.52,0.633,0.5385
"1074",2011,0.7359,25288,0.1249,0.1825,0.724326852,0.5276,0.539845648,0.8896,0.4127
"1075",2011,0.8553,21627,0.1538,0,0.636792453,0.8418,0.480957563,0.841,0.6522
"1076",2011,0.7762,28581,0.0691,0.2766,0.435643564,0.2614,0.327956989,0.6846,0.3704
"1077",2011,0.4037,37429,0.0675,0.4598,0.59141791,0.3971,0.490956072,0.8321,0.27
"1078",2011,0.6418,18918,0,0.3072,0.782608696,0.8976,0.482758621,0.0541,0.8
"1079",2011,0.5189,26999,0.2105,0.2517,0.75042735,0.3982,0.534065934,0.9044,0.2235
"1080",2011,0.9797,27609,0.4313,0.2938,0.800336512,0.6875,0.526671675,0.9052,0.3684
"1081",2011,0.7359,27037,0.3258,0.239,0.724326852,0.8077,0.539845648,0.68,0.2656
"1082",2011,0.7359,26825,0.1306,0.2517,0.724326852,0.649,0.539845648,0.8757,0.1613
"1083",2011,0.7359,26218,0.4217,0.2987,0.724326852,0.7379,0.539845648,0.8554,0.198
"1084",2011,0.5227,18298,0.0484,0.0668,0.480542663,0.1694,0.448516579,0.4941,0.3778
"1085",2011,0.7359,25737,0.4442,0.2425,0.724326852,0.6738,0.539845648,0.873,0.241
"1086",2011,0.7359,25306,0.0521,0.2451,0.724326852,0.5965,0.539845648,0.8333,0.3158
"1087",2011,0.7359,26479,0.1857,0.3248,0.724326852,0.6355,0.539845648,0.864,0.25
"1088",2011,0.7359,25663,0.3578,0.2476,0.724326852,0.6383,0.539845648,0.8536,0.3333
"1089",2011,0.7359,25898,0.5814,0.2698,0.724326852,0.6287,0.539845648,0.8882,0.2092
"1090",2011,0.7871,26282,0.0588,0.2309,0.769714562,0.7102,0.513589503,0.7741,0.2794
"1091",2011,0.7359,25829,0.4757,0.264,0.724326852,0.5978,0.539845648,0.849,0.2368
"1092",2011,0.7359,25643,0.5009,0.2842,0.724326852,0.6794,0.539845648,0.9086,0.4667
"1093",2011,0.7132,22660,0.0888,0.2622,0.368811881,0.8105,0.435512368,0.4386,0
"1094",2011,0.8804,26033,0.1916,0.5314,0.574712644,0.7254,0.447257384,0.5904,0.5132
"1095",2011,0.7359,25902,0.2054,0.1535,0.724326852,0.6479,0.539845648,0.8209,0.4343
"1096",2011,0.6154,34080,0.054,0.1932,0.575418137,0.2709,0.439528559,0.8309,0.5488
"1097",2011,0.7359,26974,0.1176,0.25,0.724326852,0.6618,0.539845648,0.8853,0.2687
"1098",2011,0.7359,25844,0.1338,0.2868,0.724326852,0.6544,0.539845648,0.8851,0.2476
"1099",2011,0.7359,26756,0.3781,0.2491,0.724326852,0.7043,0.539845648,0.8841,0.2148
"1100",2011,0.7359,25658,0.0889,0.3022,0.724326852,0.7111,0.539845648,0.8869,0.4248
"1101",2011,0.7922,66045,0.0595,0,0.460829493,0.5514,0.318681319,1,0.9063
"1102",2011,0.679,15942,0.0608,0.1845,0.426103286,0.1431,0.40728679,0.3874,0.4516
"1103",2011,0.7359,25294,0.2781,0.2041,0.724326852,0.6863,0.539845648,0.8881,0.3246
"1104",2011,0.7969,15498,0,0.2652,0.640829202,0.1331,0.304591837,0.0031,0.8333
"1105",2011,0.9797,21211,0.2932,0.3858,0.800336512,0.5895,0.526671675,0.7218,0.6
"1106",2011,0.7359,26077,0.0658,0.2602,0.724326852,0.5925,0.539845648,0.8585,0.3226
"1107",2011,0.7359,26270,0.3326,0.235,0.724326852,0.6142,0.539845648,0.8851,0.4182
"1108",2011,0.7359,25421,0.568,0.2679,0.724326852,0.5975,0.539845648,0.8857,0.371
"1109",2011,0.7359,24444,0.0929,0.1606,0.724326852,0.4598,0.539845648,0.8769,0.3853
"1110",2011,0.7359,26023,0.1045,0.2664,0.724326852,0.6516,0.539845648,0.872,0.3803
"1111",2011,0.7391,22161,0.1074,0.657,0.496503497,0.5868,0.4765625,0.5388,0.2222
"1112",2011,0.7143,31111,0.0667,0,0.72611465,0.6889,0.398496241,0.7317,0.6875
"1113",2011,0.4625,27343,0.6501,0.1702,0.793717115,0.5946,0.550859747,0.9241,0.3945
"1114",2011,0.7359,26635,0.0183,0.285,0.724326852,0.6833,0.539845648,0.8907,0.2166
"1115",2011,0.661,11842,0.1243,0.594,0.560363248,0.5232,0.496277916,0.3062,0.2159
"1116",2011,0.5751,20244,0.0222,0.1739,0.511940947,0.2109,0.420460358,0.4048,0.5387
"1117",2011,0.7359,26111,0.5546,0.1877,0.724326852,0.6257,0.539845648,0.8299,0.2551
"1118",2011,0.7359,26553,0.2166,0.2539,0.724326852,0.66,0.539845648,0.835,0.2985
"1119",2011,0.7359,25867,0.2747,0.3126,0.724326852,0.7405,0.539845648,0.8925,0.3833
"1120",2011,0.3137,23677,0.0426,0.5648,0.336814621,0.5382,0.514367816,0.5615,0.7442
"1121",2011,0.5189,27046,0.1566,0,0.75042735,0.5843,0.534065934,0.9002,0.4773
"1122",2011,0.5527,27106,0.3372,0.3563,0.768431983,0.5402,0.539538139,0.845,0.5208
"1123",2011,0.4922,32726,0.0059,0.0757,0.409470752,0.2624,0.247813411,0.8344,0.5417
"1124",2011,0.7359,26927,0.4796,0.1745,0.724326852,0.7516,0.539845648,0.8459,0.3607
"1125",2011,0.7359,26485,0.1479,0.3314,0.724326852,0.712,0.539845648,0.9116,0.3134
"1126",2011,0.4625,26552,0.5477,0.1223,0.793717115,0.5391,0.550859747,0.925,0.1889
"1127",2011,0.5189,27184,0.7728,0.2719,0.75042735,0.5353,0.534065934,0.8403,0.2917
"1128",2011,0.7359,26747,0.0822,0.2333,0.724326852,0.6272,0.539845648,0.8125,0.1746
"1129",2011,0.5527,27370,0.6864,0.2648,0.768431983,0.6151,0.539538139,0.8744,0.381
"1130",2011,0.4776,31675,0.0314,0.0055,0.432055749,0.0487,0.211397059,0.5374,0.4054
"1131",2011,0.4138,24767,0.1493,0.1642,0.552795031,0.227,0.503703704,0.3942,0.3846
"1132",2011,0.6154,35241,0.2107,0.2948,0.575418137,0.2948,0.439528559,0.8592,0.4
"1133",2011,0.7359,26412,0.243,0.2383,0.724326852,0.6885,0.539845648,0.8863,0.386
"1134",2011,0.7359,26591,0.3972,0.2495,0.724326852,0.7265,0.539845648,0.8491,0.2295
"1135",2011,0.7359,26170,0.5807,0.2697,0.724326852,0.6227,0.539845648,0.8777,0.2375
"1136",2011,0.7359,27080,0.6751,0.4072,0.724326852,0.7426,0.539845648,0.9361,0.3667
"1137",2011,0.5385,23648,0.2196,0.1014,0.54723127,0.3986,0.542307692,0.8632,0.6667
"1138",2011,0.6497,13940,0.6567,0,0.500243309,0.9533,0.471530249,0.8255,0.3617
"1139",2011,0.5468,24540,0.3107,0.7194,0.397137746,0.9165,0.460141271,0.8166,0.7143
"1140",2011,1,14950,0,0,0.910891089,0.0219,0.744680851,0,0.2083
"1141",2011,0.6656,46656,0.0325,0.0174,0.258566978,0.0172,0.205211726,0.638,0.5088
"1142",2011,0.9457,20311,0,0.6491,0.648648649,0.6579,0.193126023,0.7006,0
"1143",2011,0.5625,17205,0.066,0.3585,0.567441861,0.4906,0.378947368,0.2022,0.3023
